year,last_name, first_name,pitcher_id,team_name,team_name_abbrev,pitch_hand,avg_speed,pitches_thrown,total_pitches,pitches_per_game,pitch_per,pitch_type,pitch_type_name,pitcher_break_z,league_break_z,diff_z,rise,pitcher_break_x,league_break_x,diff_x,tail,percent_rank_diff_z,percent_rank_diff_x
2022,Rodón, Carlos,607074,Giants,SF,L,95.5,1749,2985,18.425925925925927,0.5859296482412061,FF,4-Seamer,12,-13,0.9,7,5.9,-6.2,-0.2,-4,0.6838235294117647,0.4068627450980392
2022,Cole, Gerrit,543037,Yankees,NYY,R,97.8,1698,3274,20.209876543209877,0.5186316432498472,FF,4-Seamer,10.5,-12.9,2.4,19,10.4,-8.1,2.3,28,0.9509803921568627,0.7279411764705882
2022,Gilbert, Logan,669302,Mariners,SEA,R,96.1,1625,3015,18.61111111111111,0.538971807628524,FF,4-Seamer,11.9,-12.7,0.8,6,6.4,-6.7,-0.3,-5,0.6593137254901961,0.39950980392156865
2022,Pivetta, Nick,601713,Red Sox,BOS,R,93.4,1572,3082,19.02469135802469,0.5100584036340039,FF,4-Seamer,10.9,-13.7,2.8,21,5.1,-5.6,-0.6,-10,0.9730392156862745,0.36764705882352944
2022,McKenzie, Triston,663474,Guardians,CLE,R,92.5,1565,2807,17.32716049382716,0.5575347345920912,FF,4-Seamer,11.6,-14.4,2.9,20,3,-5.7,-2.6,-47,0.9779411764705882,0.19852941176470587
2022,Javier, Cristian,664299,Astros,HOU,R,93.8,1530,2554,15.765432098765432,0.5990602975724354,FF,4-Seamer,12.2,-15.2,3,20,7.3,-7.9,-0.6,-7,0.9828431372549019,0.36764705882352944
2022,Strider, Spencer,675911,Braves,ATL,R,98.2,1524,2277,14.055555555555555,0.6693017127799736,FF,4-Seamer,10.7,-12.5,1.8,14,5.1,-7.7,-2.6,-34,0.8848039215686274,0.19852941176470587
2022,Ryan, Joe,657746,Twins,MIN,R,92,1436,2391,14.75925925925926,0.6005855290673359,FF,4-Seamer,17.5,-17.4,-0.1,0,10.7,-9.3,1.5,16,0.4877450980392157,0.6691176470588235
2022,Gallen, Zac,668678,D-backs,AZ,R,94.1,1411,2935,18.117283950617285,0.4807495741056218,FF,4-Seamer,13.5,-14.5,1.1,7,3.4,-7.1,-3.7,-52,0.7328431372549019,0.12009803921568628
2022,Urquidy, José,664353,Astros,HOU,R,93.5,1392,2640,16.296296296296298,0.5272727272727272,FF,4-Seamer,11.7,-14.3,2.7,19,7.7,-6.5,1.2,19,0.9656862745098039,0.6274509803921569
2022,Gausman, Kevin,592332,Blue Jays,TOR,R,95,1358,2783,17.179012345679013,0.4879626302551204,FF,4-Seamer,13.1,-14.1,1,7,10.5,-7.1,3.4,47,0.7156862745098039,0.8553921568627451
2022,Verlander, Justin,434378,Astros,HOU,R,95,1314,2607,16.09259259259259,0.5040276179516686,FF,4-Seamer,11.4,-12.2,0.9,7,9.5,-6.2,3.3,54,0.6838235294117647,0.8431372549019608
2022,Giolito, Lucas,608337,White Sox,CWS,R,92.6,1312,2753,16.993827160493826,0.4765710134398838,FF,4-Seamer,13.9,-14.5,0.6,4,5.4,-5.8,-0.4,-8,0.6176470588235294,0.39215686274509803
2022,Snell, Blake,605483,Padres,SD,L,95.8,1300,2341,14.450617283950617,0.5553182400683468,FF,4-Seamer,11.2,-12.7,1.5,12,5.2,-5.8,-0.6,-10,0.8455882352941176,0.36764705882352944
2022,Urías, Julio,628711,Dodgers,LAD,L,93.1,1289,2622,16.185185185185187,0.4916094584286804,FF,4-Seamer,14.9,-15.2,0.3,2,3,-7.2,-4.2,-58,0.5759803921568627,0.0784313725490196
2022,Cease, Dylan,656302,White Sox,CWS,R,96.8,1241,3120,19.25925925925926,0.39775641025641023,FF,4-Seamer,10.3,-12.8,2.5,19,3,-6.9,-3.9,-56,0.9632352941176471,0.09558823529411764
2022,Kopech, Michael,656629,White Sox,CWS,R,94.9,1239,2011,12.41358024691358,0.6161113873694679,FF,4-Seamer,11.9,-14.2,2.3,16,9.9,-7.4,2.5,34,0.9436274509803921,0.7450980392156863
2022,Ray, Robbie,592662,Mariners,SEA,L,93.4,1195,3047,18.808641975308642,0.39218903839842467,FF,4-Seamer,13.4,-14.7,1.3,9,6.7,-6.6,0.1,2,0.803921568627451,0.4681372549019608
2022,Greene, Hunter,668881,Reds,CIN,R,98.9,1184,2200,13.580246913580247,0.5381818181818182,FF,4-Seamer,12.1,-12.2,0.1,1,11.7,-8.2,3.5,42,0.5343137254901961,0.8578431372549019
2022,Lauer, Eric,641778,Brewers,MIL,L,93.3,1173,2676,16.51851851851852,0.4383408071748879,FF,4-Seamer,14.6,-15.1,0.4,3,9.8,-7,2.7,39,0.5955882352941176,0.7745098039215687
2022,Steele, Justin,657006,Cubs,CHC,L,92.2,1155,2032,12.54320987654321,0.5684055118110236,FF,4-Seamer,19.4,-15.5,-3.9,-25,1.5,-6.6,-8.2,-123,0.041666666666666664,0.0024509803921568627
2022,Bubic, Kris,663460,Royals,KC,L,91.9,1143,2262,13.962962962962964,0.5053050397877984,FF,4-Seamer,15.9,-16.1,0.1,1,7.7,-7.2,0.5,7,0.5343137254901961,0.5220588235294118
2022,López, Pablo,641154,Marlins,MIA,R,93.6,1129,2910,17.962962962962962,0.3879725085910653,FF,4-Seamer,17.9,-15.4,-2.5,-16,4.5,-7.9,-3.5,-44,0.11764705882352941,0.14215686274509803
2022,Kaprielian, James,621076,Athletics,OAK,R,94,1091,2230,13.765432098765432,0.489237668161435,FF,4-Seamer,15.5,-14.5,-1,-7,7.6,-6.9,0.7,10,0.33578431372549017,0.5343137254901961
2022,Mahle, Tyler,641816,Twins,MIN,R,93.2,1084,2101,12.969135802469136,0.5159447881960971,FF,4-Seamer,13.5,-15.5,2,13,10.2,-7.7,2.5,33,0.9166666666666666,0.7450980392156863
2022,Cortes, Nestor,641482,Yankees,NYY,L,91.8,1082,2465,15.216049382716049,0.4389452332657201,FF,4-Seamer,12.8,-16,3.2,20,4.1,-7.1,-3,-42,0.9877450980392157,0.16666666666666666
2022,Manoah, Alek,666201,Blue Jays,TOR,R,93.9,1057,2949,18.203703703703702,0.3584265852831468,FF,4-Seamer,14.3,-14.6,0.3,2,5.5,-7,-1.5,-22,0.5759803921568627,0.28431372549019607
2022,Lynch, Daniel,663738,Royals,KC,L,94,1052,2435,15.030864197530864,0.4320328542094456,FF,4-Seamer,15.3,-14.5,-0.7,-5,6.9,-7.1,-0.2,-3,0.38235294117647056,0.4068627450980392
2022,Gray, Jon,592351,Rangers,TEX,R,95.9,1042,2062,12.728395061728396,0.5053346265761397,FF,4-Seamer,17.2,-14.4,-2.8,-20,11.4,-8.4,2.9,35,0.09558823529411764,0.8063725490196079
2022,Garcia, Luis,677651,Astros,HOU,R,94,1038,2468,15.234567901234568,0.4205834683954619,FF,4-Seamer,13.1,-14.3,1.3,9,7.5,-6.6,0.8,13,0.803921568627451,0.5612745098039216
2022,Gonzales, Marco,594835,Mariners,SEA,L,88.4,1035,2838,17.51851851851852,0.36469344608879495,FF,4-Seamer,20.3,-18.1,-2.2,-12,12.2,-7,5.1,73,0.16176470588235295,0.9754901960784313
2022,Rogers, Trevor,669432,Marlins,MIA,L,94.6,1022,1940,11.975308641975309,0.5268041237113402,FF,4-Seamer,16.7,-14.6,-2,-14,12.6,-7.6,5,66,0.19117647058823528,0.9681372549019608
2022,Gray, Josiah,680686,Nationals,WSH,R,94.4,1015,2597,16.030864197530864,0.3908355795148248,FF,4-Seamer,13,-15.1,2.1,14,10,-8.6,1.4,17,0.928921568627451,0.6544117647058824
2022,Nola, Aaron,605400,Phillies,PHI,R,92.8,1015,3039,18.75925925925926,0.33399144455412966,FF,4-Seamer,16.6,-16.6,0,0,13.1,-8.5,4.6,54,0.5049019607843137,0.946078431372549
2022,Taillon, Jameson,592791,Yankees,NYY,R,94.1,999,2805,17.314814814814813,0.35614973262032085,FF,4-Seamer,13.2,-14.4,1.1,8,5.7,-6.8,-1.1,-16,0.7328431372549019,0.32598039215686275
2022,Bieber, Shane,669456,Guardians,CLE,R,91.3,990,2875,17.746913580246915,0.3443478260869565,FF,4-Seamer,15.3,-16.6,1.3,8,8.5,-7.2,1.3,18,0.803921568627451,0.6421568627450981
2022,Wheeler, Zack,554430,Phillies,PHI,R,95.9,987,2358,14.555555555555555,0.41857506361323155,FF,4-Seamer,13.6,-13.8,0.2,2,9.2,-7.8,1.4,18,0.5588235294117647,0.6544117647058824
2022,Scherzer, Max,453286,Mets,NYM,R,94,981,2167,13.376543209876543,0.4526995846792801,FF,4-Seamer,15,-15.1,0.2,1,11.1,-7.9,3.2,40,0.5588235294117647,0.8357843137254902
2022,Quintana, José,500779,Cardinals,STL,L,91.2,981,2724,16.814814814814813,0.3601321585903084,FF,4-Seamer,17.7,-16.4,-1.3,-8,2.4,-6.9,-4.5,-65,0.2769607843137255,0.058823529411764705
2022,Anderson, Tyler,542881,Dodgers,LAD,L,90.7,979,2576,15.901234567901234,0.38004658385093165,FF,4-Seamer,15.3,-16.3,1.1,7,7.5,-6.3,1.1,18,0.7328431372549019,0.6176470588235294
2022,Woodruff, Brandon,605540,Brewers,MIL,R,96.3,973,2538,15.666666666666666,0.3833727344365642,FF,4-Seamer,12.1,-13.5,1.4,11,6,-7.6,-1.6,-21,0.8308823529411765,0.27941176470588236
2022,Morton, Charlie,450203,Braves,ATL,R,94.9,963,2903,17.919753086419753,0.3317258008956252,FF,4-Seamer,17.8,-14.9,-2.9,-19,10.5,-8.4,2.1,25,0.09313725490196079,0.7058823529411765
2022,Detmers, Reid,672282,Angels,LAA,L,93.2,961,2181,13.462962962962964,0.44062356717102247,FF,4-Seamer,14.7,-15.1,0.3,2,10.1,-7.1,2.9,41,0.5759803921568627,0.8063725490196079
2022,Anderson, Ian,666120,Braves,ATL,R,94,960,2005,12.376543209876543,0.47880299251870323,FF,4-Seamer,14.3,-13.9,-0.4,-3,5.9,-6.2,-0.3,-4,0.4338235294117647,0.39950980392156865
2022,Kirby, George,669923,Mariners,SEA,R,95.3,950,2092,12.91358024691358,0.4541108986615679,FF,4-Seamer,15.1,-14,-1.1,-8,8.8,-7.4,1.3,18,0.32598039215686275,0.6421568627450981
2022,Lyles, Jordan,543475,Orioles,BAL,R,91.8,949,2988,18.444444444444443,0.3176037483266399,FF,4-Seamer,15.5,-15.5,0,0,5.8,-6.3,-0.4,-7,0.5049019607843137,0.39215686274509803
2022,Pallante, Andre,669467,Cardinals,STL,R,95.2,949,1753,10.820987654320987,0.5413576725613235,FF,4-Seamer,21,-14.2,-6.8,-48,3.6,-7.6,-4,-53,0.004901960784313725,0.09313725490196079
2022,Irvin, Cole,608344,Athletics,OAK,L,90.7,941,2610,16.11111111111111,0.36053639846743296,FF,4-Seamer,17.1,-16.3,-0.8,-5,9.8,-6.2,3.6,58,0.3700980392156863,0.8676470588235294
2022,Kikuchi, Yusei,579328,Blue Jays,TOR,L,94.9,932,1843,11.376543209876543,0.5056972327726533,FF,4-Seamer,13.6,-14.8,1.2,8,11.5,-8.2,3.3,40,0.7696078431372549,0.8431372549019608
2022,Odorizzi, Jake,543606,Braves,ATL,R,92.1,920,1798,11.098765432098766,0.5116796440489433,FF,4-Seamer,15,-15.7,0.7,5,9.8,-6.8,2.9,43,0.6397058823529411,0.8063725490196079
2022,Lynn, Lance,458681,White Sox,CWS,R,93,919,2022,12.481481481481481,0.45450049455984176,FF,4-Seamer,18.3,-15.7,-2.5,-16,3.7,-7.9,-4.2,-53,0.11764705882352941,0.0784313725490196
2022,Plesac, Zach,668676,Guardians,CLE,R,91.9,917,2153,13.290123456790123,0.42591732466326054,FF,4-Seamer,13.5,-15.5,1.9,12,7.4,-6.4,1,16,0.9019607843137255,0.6004901960784313
2022,Fried, Max,608331,Braves,ATL,L,94,916,2818,17.395061728395063,0.32505322924059615,FF,4-Seamer,18.5,-14.5,-4,-28,1.7,-6.9,-5.1,-75,0.03431372549019608,0.029411764705882353
2022,Bumgarner, Madison,518516,D-backs,AZ,L,91.2,902,2715,16.75925925925926,0.33222836095764274,FF,4-Seamer,17.8,-16.6,-1.2,-7,8,-7.2,0.8,11,0.30637254901960786,0.5612745098039216
2022,Espino, Paolo,502179,Nationals,WSH,R,88.5,899,1873,11.561728395061728,0.4799786438868126,FF,4-Seamer,15.9,-18,2,11,2.8,-6.8,-3.9,-58,0.9166666666666666,0.09558823529411764
2022,Kelly, Merrill,518876,D-backs,AZ,R,92.6,895,3071,18.95679012345679,0.2914360143275806,FF,4-Seamer,16.6,-16.1,-0.5,-3,8.1,-8.1,0,0,0.4117647058823529,0.4485294117647059
2022,Bradish, Kyle,680694,Orioles,BAL,R,94.6,887,1993,12.302469135802468,0.44505770195684896,FF,4-Seamer,14.4,-13.6,-0.7,-5,1.3,-6.2,-7.5,-121,0.38235294117647056,0.00980392156862745
2022,Keller, Mitch,656605,Pirates,PIT,R,95.5,884,2661,16.425925925925927,0.33220593761743705,FF,4-Seamer,15.2,-13.9,-1.3,-9,7.3,-7.4,0,-1,0.2769607843137255,0.4485294117647059
2022,McClanahan, Shane,663556,Rays,TB,L,96.7,879,2463,15.203703703703704,0.3568818514007308,FF,4-Seamer,11.7,-12.6,0.9,7,10.8,-6.6,4.3,65,0.6838235294117647,0.9411764705882353
2022,Flexen, Chris,623167,Mariners,SEA,R,91.7,871,2204,13.604938271604938,0.3951905626134301,FF,4-Seamer,13.7,-14.6,0.9,6,2.3,-5.8,-3.5,-60,0.6838235294117647,0.14215686274509803
2022,Springs, Jeffrey,605488,Rays,TB,L,91.4,868,2149,13.265432098765432,0.40390879478827363,FF,4-Seamer,15.3,-16.1,0.8,5,11.4,-6.7,4.7,70,0.6593137254901961,0.9509803921568627
2022,Bundy, Dylan,605164,Twins,MIN,R,89,865,2180,13.45679012345679,0.3967889908256881,FF,4-Seamer,15.3,-17.6,2.2,13,4.5,-6,-1.4,-24,0.9338235294117647,0.2916666666666667
2022,Greinke, Zack,425844,Royals,KC,R,89.1,865,2272,14.024691358024691,0.3807218309859155,FF,4-Seamer,18.4,-17.4,-1,-6,2,-5.7,-3.8,-66,0.33578431372549017,0.11029411764705882
2022,Mikolas, Miles,571945,Cardinals,STL,R,93.5,860,3152,19.45679012345679,0.27284263959390864,FF,4-Seamer,16.3,-14,-2.4,-17,4.9,-5.9,-1,-17,0.13725490196078433,0.33578431372549017
2022,Hearn, Taylor,621368,Rangers,TEX,L,94.8,854,1787,11.030864197530864,0.4778959149412423,FF,4-Seamer,13.8,-13.8,0,0,7.7,-6.6,1.2,18,0.5049019607843137,0.6274509803921569
2022,Carrasco, Carlos,471911,Mets,NYM,R,93.2,847,2412,14.88888888888889,0.3511608623548922,FF,4-Seamer,17.5,-15.3,-2.1,-14,7.5,-7.4,0.1,2,0.17892156862745098,0.4681372549019608
2022,Márquez, Germán,608566,Rockies,COL,R,95.6,846,2839,17.52469135802469,0.2979922507925326,FF,4-Seamer,16.6,-14.1,-2.5,-17,8.9,-7.7,1.2,16,0.11764705882352941,0.6274509803921569
2022,Burke, Brock,656271,Rangers,TEX,L,95,838,1330,8.209876543209877,0.6300751879699248,FF,4-Seamer,14,-13.4,-0.6,-4,10.3,-6.4,3.9,60,0.4019607843137255,0.9117647058823529
2022,Thompson, Keegan,624522,Cubs,CHC,R,93.6,838,1878,11.592592592592593,0.44621938232161873,FF,4-Seamer,13.9,-15.1,1.2,8,4.4,-7.4,-3,-41,0.7696078431372549,0.16666666666666666
2022,Gomber, Austin,596295,Rockies,COL,L,91,838,2059,12.709876543209877,0.40699368625546384,FF,4-Seamer,15.6,-15.3,-0.3,-2,6.3,-5.4,0.9,16,0.4534313725490196,0.5833333333333334
2022,Castillo, Luis,622491,Mariners,SEA,R,97.1,824,2506,15.469135802469136,0.32881085395051873,FF,4-Seamer,15.4,-14.2,-1.2,-8,11.4,-9.6,1.8,19,0.30637254901960786,0.6887254901960784
2022,Senzatela, Antonio,622608,Rockies,COL,R,94.2,821,1521,9.38888888888889,0.539776462853386,FF,4-Seamer,19.6,-14.5,-5.1,-35,3.3,-7,-3.7,-53,0.014705882352941176,0.12009803921568628
2022,Heasley, Jonathan,669169,Royals,KC,R,93.4,819,1796,11.08641975308642,0.45601336302895323,FF,4-Seamer,12.5,-14.9,2.3,16,8.2,-6.8,1.4,20,0.9436274509803921,0.6544117647058824
2022,Alcantara, Sandy,645261,Marlins,MIA,R,98,817,3248,20.049382716049383,0.25153940886699505,FF,4-Seamer,14.9,-12.8,-2,-16,12,-8.2,3.8,47,0.19117647058823528,0.8995098039215687
2022,Keller, Brad,641745,Royals,KC,R,94.5,803,2275,14.04320987654321,0.35296703296703297,FF,4-Seamer,17.3,-14.2,-3.2,-22,2.4,-6.8,-9.3,-136,0.06372549019607843,0
2022,Rasmussen, Drew,656876,Rays,TB,R,95.5,795,2239,13.820987654320987,0.3550692273336311,FF,4-Seamer,13.5,-13.6,0.1,1,2.3,-6.9,-4.6,-66,0.5343137254901961,0.049019607843137254
2022,Gonsolin, Tony,664062,Dodgers,LAD,R,93.1,788,2015,12.438271604938272,0.3910669975186104,FF,4-Seamer,14.2,-14.8,0.6,4,8.5,-6.6,1.9,29,0.6176470588235294,0.6985294117647058
2022,Adon, Joan,672851,Nationals,WSH,R,95,787,1204,7.432098765432099,0.6536544850498339,FF,4-Seamer,15.4,-14.1,-1.3,-10,10.7,-7.1,3.5,50,0.2769607843137255,0.8578431372549019
2022,Severino, Luis,622663,Yankees,NYY,R,96.3,779,1639,10.117283950617283,0.47528981086028066,FF,4-Seamer,12.2,-13.4,1.2,9,7.6,-7.4,0.2,3,0.7696078431372549,0.48284313725490197
2022,Contreras, Roansy,672710,Pirates,PIT,R,95.6,771,1588,9.802469135802468,0.48551637279596976,FF,4-Seamer,12.3,-13.9,1.6,12,7.4,-7.5,-0.1,-2,0.8553921568627451,0.42892156862745096
2022,Heaney, Andrew,571760,Dodgers,LAD,L,93,769,1230,7.592592592592593,0.6252032520325204,FF,4-Seamer,17.5,-16.8,-0.7,-4,14.8,-9.4,5.4,58,0.38235294117647056,0.9828431372549019
2022,White, Mitch,669952,Blue Jays,TOR,R,93.7,768,1715,10.58641975308642,0.4478134110787172,FF,4-Seamer,15.2,-14.6,-0.6,-4,3.9,-6.7,-2.8,-42,0.4019607843137255,0.18137254901960784
2022,Gore, MacKenzie,669022,Padres,SD,L,94.7,763,1258,7.765432098765432,0.6065182829888712,FF,4-Seamer,13,-14.1,1.1,7,5.2,-7.1,-1.8,-26,0.7328431372549019,0.25735294117647056
2022,Berríos, José,621244,Blue Jays,TOR,R,94,758,2721,16.796296296296298,0.27857405365674387,FF,4-Seamer,16.6,-15.4,-1.3,-8,10.6,-8.3,2.3,28,0.2769607843137255,0.7279411764705882
2022,Poche, Colin,621363,Rays,TB,L,93.2,754,974,6.012345679012346,0.7741273100616016,FF,4-Seamer,10.7,-13.9,3.3,24,0.9,-5.8,-4.9,-85,0.9926470588235294,0.03676470588235294
2022,Darvish, Yu,506433,Padres,SD,R,95,749,2971,18.339506172839506,0.25210366879838436,FF,4-Seamer,13.5,-14.9,1.4,9,7.1,-8.3,-1.2,-14,0.8308823529411765,0.3137254901960784
2022,Williams, Trevor,592866,Mets,NYM,R,91.2,743,1407,8.685185185185185,0.5280739161336176,FF,4-Seamer,19.9,-17.7,-2.1,-12,6.9,-8.7,-1.7,-20,0.17892156862745098,0.2647058823529412
2022,Peralta, Freddy,642547,Brewers,MIL,R,92.6,743,1353,8.351851851851851,0.549150036954915,FF,4-Seamer,16,-16.9,0.9,5,8.8,-8.4,0.4,5,0.6838235294117647,0.5049019607843137
2022,Kimbrel, Craig,518886,Dodgers,LAD,R,95.8,738,1077,6.648148148148148,0.6852367688022284,FF,4-Seamer,15.4,-16.3,0.9,6,10.4,-9.6,0.8,9,0.6838235294117647,0.5612745098039216
2022,Walker, Taijuan,592836,Mets,NYM,R,93.7,737,2500,15.432098765432098,0.2948,FF,4-Seamer,14,-14.2,0.2,2,10.1,-6.3,3.7,59,0.5588235294117647,0.8848039215686274
2022,Kershaw, Clayton,477132,Dodgers,LAD,L,90.7,735,1842,11.37037037037037,0.3990228013029316,FF,4-Seamer,14.7,-16.4,1.7,10,0.5,-6.4,-6.9,-108,0.8700980392156863,0.012254901960784314
2022,Ohtani, Shohei,660271,Angels,LAA,R,97.3,725,2629,16.228395061728396,0.27577025484975276,FF,4-Seamer,14.5,-12.8,-1.7,-13,3.4,-7.5,-4.1,-54,0.22303921568627452,0.08823529411764706
2022,Hutchison, Drew,571800,Tigers,DET,R,92.4,725,1759,10.858024691358025,0.412166003411029,FF,4-Seamer,15.2,-15.3,0.1,1,3.7,-6.6,-2.9,-44,0.5343137254901961,0.17647058823529413
2022,Voth, Austin,608723,Orioles,BAL,R,93.5,725,1762,10.876543209876543,0.41146424517593644,FF,4-Seamer,13.9,-15.1,1.2,8,7.2,-7.3,-0.1,-1,0.7696078431372549,0.42892156862745096
2022,Minor, Mike,501985,Reds,CIN,L,90.4,723,1750,10.802469135802468,0.41314285714285715,FF,4-Seamer,19.2,-16.7,-2.5,-15,3.9,-6.5,-2.6,-40,0.11764705882352941,0.19852941176470587
2022,Estévez, Carlos,608032,Rockies,COL,R,97.5,721,1021,6.302469135802469,0.7061704211557297,FF,4-Seamer,14.1,-13.2,-0.9,-7,10,-8.3,1.7,20,0.3627450980392157,0.678921568627451
2022,Peterson, David,656849,Mets,NYM,L,93.7,716,1889,11.660493827160494,0.37903652726310216,FF,4-Seamer,17.5,-14.5,-3.1,-21,9,-6.8,2.2,32,0.0784313725490196,0.7181372549019608
2022,Hill, Rich,448179,Red Sox,BOS,L,88.5,708,1990,12.283950617283951,0.35577889447236183,FF,4-Seamer,16.4,-17.9,1.4,8,8.2,-6.5,1.7,26,0.8308823529411765,0.678921568627451
2022,Clevinger, Mike,605182,Padres,SD,R,93.6,707,1931,11.919753086419753,0.3661315380631797,FF,4-Seamer,14.2,-15.6,1.3,8,8.7,-8.2,0.5,6,0.803921568627451,0.5220588235294118
2022,Kennedy, Ian,453178,D-backs,AZ,R,93.4,706,867,5.351851851851852,0.8143021914648212,FF,4-Seamer,14.1,-15.8,1.7,11,10.4,-8.3,2.1,25,0.8700980392156863,0.7058823529411765
2022,Suter, Brent,608718,Brewers,MIL,L,86.4,696,1070,6.604938271604938,0.6504672897196262,FF,4-Seamer,23.7,-22.5,-1.3,-6,3.8,1.6,-2.1,134,0.2769607843137255,0.24019607843137256
2022,Edwards Jr., Carl,605218,Nationals,WSH,R,94.6,687,1014,6.2592592592592595,0.6775147928994083,FF,4-Seamer,14.2,-13.5,-0.7,-5,1.7,-6.1,-7.8,-128,0.38235294117647056,0.007352941176470588
2022,Stripling, Ross,548389,Blue Jays,TOR,R,91.9,685,2033,12.549382716049383,0.3369404820462371,FF,4-Seamer,13.7,-14.5,0.9,6,5.2,-5.8,-0.6,-10,0.6838235294117647,0.36764705882352944
2022,Musgrove, Joe,605397,Padres,SD,R,92.9,680,2834,17.493827160493826,0.2399435426958363,FF,4-Seamer,18.3,-14.8,-3.5,-24,4.1,-6.4,-2.3,-35,0.05392156862745098,0.22794117647058823
2022,Coleman, Dylan,669395,Royals,KC,R,97.5,678,1205,7.438271604938271,0.562655601659751,FF,4-Seamer,15.2,-12.8,-2.4,-18,4.8,-7.8,-3,-39,0.13725490196078433,0.16666666666666666
2022,Bickford, Phil,641360,Dodgers,LAD,R,94.1,674,990,6.111111111111111,0.6808080808080809,FF,4-Seamer,15.2,-16,0.9,6,4.8,-8.9,-4.1,-46,0.6838235294117647,0.08823529411764706
2022,Eovaldi, Nathan,543135,Red Sox,BOS,R,95.7,667,1739,10.734567901234568,0.38355376653248996,FF,4-Seamer,15.5,-14.5,-1,-7,12.3,-8.5,3.8,44,0.33578431372549017,0.8995098039215687
2022,Díaz, Alexis,664747,Reds,CIN,R,95.7,667,1077,6.648148148148148,0.6193129062209842,FF,4-Seamer,15.6,-15.7,0.1,1,6.6,-8.4,-1.8,-21,0.5343137254901961,0.25735294117647056
2022,Montas, Frankie,593423,Yankees,NYY,R,96.1,663,2327,14.364197530864198,0.2849162011173184,FF,4-Seamer,12.8,-13.6,0.8,6,6.3,-7.5,-1.2,-16,0.6593137254901961,0.3137254901960784
2022,Baker, Bryan,641329,Orioles,BAL,R,96.2,663,1181,7.290123456790123,0.5613886536833192,FF,4-Seamer,11.8,-12.5,0.8,6,2.4,-6.1,-3.7,-60,0.6593137254901961,0.12009803921568628
2022,Wells, Tyler,669330,Orioles,BAL,R,93.5,662,1649,10.179012345679013,0.4014554275318375,FF,4-Seamer,11.6,-13.3,1.8,13,5.9,-5.8,0,1,0.8848039215686274,0.4485294117647059
2022,Pilkington, Konnor,663455,Guardians,CLE,L,92.1,658,1039,6.41358024691358,0.6333012512030799,FF,4-Seamer,16,-15.7,-0.3,-2,9.4,-6.9,2.6,37,0.4534313725490196,0.7573529411764706
2022,Freeland, Kyle,607536,Rockies,COL,L,90.3,657,2839,17.52469135802469,0.23141951391334978,FF,4-Seamer,19.9,-16.9,-3,-18,5.9,-6.7,-0.8,-13,0.09068627450980392,0.35049019607843135
2022,Kremer, Dean,665152,Orioles,BAL,R,93.5,646,1947,12.018518518518519,0.3317925012840267,FF,4-Seamer,14.9,-15.1,0.2,2,8.9,-7.4,1.6,21,0.5588235294117647,0.6740196078431373
2022,Wacha, Michael,608379,Red Sox,BOS,R,93,643,1949,12.030864197530864,0.32991277578245254,FF,4-Seamer,12.4,-13.9,1.5,11,6.7,-5.6,1.1,19,0.8455882352941176,0.6176470588235294
2022,Archer, Chris,502042,Twins,MIN,R,93,638,1787,11.030864197530864,0.3570229434806939,FF,4-Seamer,13.1,-14.9,1.8,12,6.4,-6.5,-0.1,-2,0.8848039215686274,0.42892156862745096
2022,Wick, Rowan,592858,Cubs,CHC,R,94.9,631,1153,7.117283950617284,0.5472679965307893,FF,4-Seamer,12.7,-14.3,1.6,11,2.8,-7.4,-4.6,-62,0.8553921568627451,0.049019607843137254
2022,Akin, Keegan,669211,Orioles,BAL,L,93.5,628,1235,7.6234567901234565,0.5085020242914979,FF,4-Seamer,13.5,-14.8,1.3,9,10.7,-7,3.7,52,0.803921568627451,0.8848039215686274
2022,Watkins, Spenser,657093,Orioles,BAL,R,91.4,625,1642,10.135802469135802,0.3806333739342265,FF,4-Seamer,16.2,-15.7,-0.5,-3,1.2,-6.1,-4.8,-80,0.4117647058823529,0.04411764705882353
2022,Sears, JP,676664,Athletics,OAK,L,93.2,611,1079,6.660493827160494,0.5662650602409639,FF,4-Seamer,17.9,-16.6,-1.3,-8,12.1,-9.2,2.9,32,0.2769607843137255,0.8063725490196079
2022,Suarez, José,660761,Angels,LAA,L,92.7,610,1783,11.006172839506172,0.34212002243409984,FF,4-Seamer,16.4,-16.4,0.1,0,9.5,-8.8,0.7,8,0.5343137254901961,0.5343137254901961
2022,Bautista, Félix,642585,Orioles,BAL,R,99.1,608,995,6.1419753086419755,0.6110552763819096,FF,4-Seamer,8.2,-9.3,1.1,12,7.3,-5.6,1.7,30,0.7328431372549019,0.678921568627451
2022,Vest, Will,676684,Tigers,DET,R,95.1,606,1083,6.685185185185185,0.5595567867036011,FF,4-Seamer,14.8,-14.5,-0.3,-2,9.3,-8,1.3,16,0.4534313725490196,0.6421568627450981
2022,Vesia, Alex,681911,Dodgers,LAD,L,94.1,600,951,5.87037037037037,0.6309148264984227,FF,4-Seamer,11.4,-14.8,3.4,23,5,-7.5,-2.5,-33,0.9950980392156863,0.2107843137254902
2022,Boxberger, Brad,502202,Brewers,MIL,R,92.7,599,1090,6.728395061728395,0.5495412844036697,FF,4-Seamer,14.5,-15.5,1,6,6,-7.4,-1.4,-20,0.7156862745098039,0.2916666666666667
2022,Jiménez, Joe,641729,Tigers,DET,R,95.7,597,937,5.783950617283951,0.6371398078975453,FF,4-Seamer,11.6,-13.8,2.3,17,10.4,-7.6,2.8,37,0.9436274509803921,0.7941176470588235
2022,Brieske, Beau,689225,Tigers,DET,R,94.3,594,1287,7.944444444444445,0.46153846153846156,FF,4-Seamer,13.3,-14.5,1.2,8,7.3,-7.1,0.2,2,0.7696078431372549,0.48284313725490197
2022,Feltner, Ryan,663372,Rockies,COL,R,94.5,591,1675,10.339506172839506,0.3528358208955224,FF,4-Seamer,17,-15.6,-1.4,-9,6.6,-9,-2.5,-27,0.2696078431372549,0.2107843137254902
2022,Quijada, José,650671,Angels,LAA,L,94.5,586,691,4.265432098765432,0.8480463096960926,FF,4-Seamer,15.2,-15.3,0,0,6,-8.5,-2.5,-30,0.5049019607843137,0.2107843137254902
2022,Gilbreath, Lucas,656458,Rockies,COL,L,93.8,583,796,4.91358024691358,0.7324120603015075,FF,4-Seamer,15.1,-15,-0.1,-1,0.6,-7.4,-6.9,-92,0.4877450980392157,0.012254901960784314
2022,Pagán, Emilio,641941,Twins,MIN,R,95.6,582,1126,6.950617283950617,0.5168738898756661,FF,4-Seamer,11.6,-14.3,2.7,19,4.9,-8,-3.1,-39,0.9656862745098039,0.15931372549019607
2022,Hendriks, Liam,521230,White Sox,CWS,R,97.6,574,948,5.851851851851852,0.6054852320675106,FF,4-Seamer,10.1,-12.5,2.4,19,6,-7.2,-1.3,-17,0.9509803921568627,0.3014705882352941
2022,Rogers, Tyler,643511,Giants,SF,R,83.2,570,1166,7.197530864197531,0.4888507718696398,FF,4-Seamer,53.2,-53.1,0,0,1.5,-1.5,0,0,0.5049019607843137,0.4485294117647059
2022,Velasquez, Vince,592826,White Sox,CWS,R,93.2,565,1286,7.938271604938271,0.4393468118195957,FF,4-Seamer,13.1,-15.4,2.4,15,5.1,-7.6,-2.4,-32,0.9509803921568627,0.2181372549019608
2022,Smith, Caleb,592761,D-backs,AZ,L,91.9,563,1234,7.617283950617284,0.45623987034035657,FF,4-Seamer,13.9,-15.3,1.4,9,10.9,-6.5,4.4,68,0.8308823529411765,0.9436274509803921
2022,Moore, Matt,519043,Rangers,TEX,L,93.9,561,1248,7.703703703703703,0.4495192307692308,FF,4-Seamer,13.2,-14.3,1.1,8,9.1,-6.5,2.6,39,0.7328431372549019,0.7573529411764706
2022,Sandoval, Patrick,663776,Angels,LAA,L,93.1,560,2456,15.160493827160494,0.2280130293159609,FF,4-Seamer,15.1,-14.9,-0.1,-1,4,-6.6,-2.7,-40,0.4877450980392157,0.19117647058823528
2022,Knebel, Corey,608349,Phillies,PHI,R,95.6,555,795,4.907407407407407,0.6981132075471698,FF,4-Seamer,12.5,-13.7,1.3,9,3.8,-7.2,-3.4,-47,0.803921568627451,0.14950980392156862
2022,Minter, A.J.,621345,Braves,ATL,L,96.6,553,1111,6.8580246913580245,0.4977497749774977,FF,4-Seamer,12,-13.8,1.8,13,6.5,-8.3,-1.8,-22,0.8848039215686274,0.25735294117647056
2022,Morgan, Eli,669212,Guardians,CLE,R,92.1,551,1017,6.277777777777778,0.5417895771878073,FF,4-Seamer,15.1,-15.8,0.7,5,10.9,-7.1,3.8,53,0.6397058823529411,0.8995098039215687
2022,Helsley, Ryan,664854,Cardinals,STL,R,99.6,548,962,5.938271604938271,0.5696465696465697,FF,4-Seamer,9.5,-11.7,2.2,19,2.8,-8,-5.2,-65,0.9338235294117647,0.02696078431372549
2022,De Jong, Chase,608328,Pirates,PIT,R,92.8,547,1174,7.246913580246914,0.46592844974446335,FF,4-Seamer,13.2,-15,1.8,12,1.2,-6.6,-5.4,-82,0.8848039215686274,0.024509803921568627
2022,Matzek, Tyler,554431,Braves,ATL,L,94.1,547,713,4.401234567901234,0.7671809256661991,FF,4-Seamer,13.4,-14.3,0.8,6,3.8,-6.6,-2.8,-42,0.6593137254901961,0.18137254901960784
2022,López, Reynaldo,625643,White Sox,CWS,R,97.1,542,985,6.080246913580247,0.550253807106599,FF,4-Seamer,12.1,-13.3,1.2,9,7.2,-8,-0.8,-10,0.7696078431372549,0.35049019607843135
2022,Lodolo, Nick,666157,Reds,CIN,L,94.4,539,1779,10.981481481481481,0.30297920179876336,FF,4-Seamer,20.5,-15.2,-5.3,-35,16.8,-8.3,8.5,102,0.012254901960784314,1
2022,Strickland, Hunter,519326,Reds,CIN,R,95,539,1099,6.783950617283951,0.49044585987261147,FF,4-Seamer,16.9,-14.5,-2.4,-17,5,-7.7,-2.7,-35,0.13725490196078433,0.19117647058823528
2022,Rodriguez, Eduardo,593958,Tigers,DET,L,91.7,533,1469,9.067901234567902,0.36283185840707965,FF,4-Seamer,18,-16.1,-1.9,-12,6.9,-7.1,-0.2,-2,0.19852941176470587,0.4068627450980392
2022,Ruiz, José,614179,White Sox,CWS,R,96.9,530,1115,6.882716049382716,0.47533632286995514,FF,4-Seamer,12,-13,1,8,7.1,-7.3,-0.2,-3,0.7156862745098039,0.4068627450980392
2022,Gray, Sonny,543243,Twins,MIN,R,92.1,529,1872,11.555555555555555,0.2825854700854701,FF,4-Seamer,16.8,-16.3,-0.5,-3,1.5,-7.9,-6.4,-81,0.4117647058823529,0.01715686274509804
2022,Sampson, Adrian,592716,Cubs,CHC,R,92.4,527,1694,10.45679012345679,0.31109799291617474,FF,4-Seamer,17.4,-15.6,-1.7,-11,10.1,-7.1,3,42,0.22303921568627452,0.8161764705882353
2022,Givens, Mychal,571710,Mets,NYM,R,93.4,526,1026,6.333333333333333,0.5126705653021443,FF,4-Seamer,19.2,-17.8,-1.5,-8,6.9,-9.7,-2.8,-29,0.25245098039215685,0.18137254901960784
2022,Stanek, Ryne,592773,Astros,HOU,R,98.3,523,895,5.5246913580246915,0.5843575418994413,FF,4-Seamer,10.8,-11.9,1.1,10,10.2,-7.4,2.8,37,0.7328431372549019,0.7941176470588235
2022,Wright, Kyle,657140,Braves,ATL,R,95.1,522,2697,16.64814814814815,0.1935483870967742,FF,4-Seamer,17.7,-14.7,-3.1,-21,11.4,-8.2,3.3,40,0.0784313725490196,0.8431372549019608
2022,Otto, Glenn,657248,Rangers,TEX,R,92.1,520,2229,13.75925925925926,0.23328847016599372,FF,4-Seamer,17,-15.4,-1.6,-11,4.3,-6.5,-2.2,-34,0.23039215686274508,0.23039215686274508
2022,Diekman, Jake,518617,White Sox,CWS,L,95.6,520,1172,7.234567901234568,0.44368600682593856,FF,4-Seamer,17.6,-14.4,-3.2,-22,15.9,-8.3,7.6,92,0.06372549019607843,0.9975490196078431
2022,Nelson, Nick,656793,Phillies,PHI,R,96.3,517,1204,7.432098765432099,0.42940199335548174,FF,4-Seamer,13.2,-13.8,0.6,4,6.6,-7.9,-1.3,-17,0.6176470588235294,0.3014705882352941
2022,Puk, A.J.,640462,Athletics,OAK,L,96.7,513,1072,6.617283950617284,0.478544776119403,FF,4-Seamer,17.4,-13.5,-3.9,-29,12.6,-7.9,4.7,60,0.041666666666666664,0.9509803921568627
2022,Richards, Trevor,670950,Blue Jays,TOR,R,93.4,512,1163,7.179012345679013,0.4402407566638005,FF,4-Seamer,11.4,-14.5,3.1,21,7.4,-6.4,1,16,0.9852941176470589,0.6004901960784313
2022,Skubal, Tarik,669373,Tigers,DET,L,94.1,510,1914,11.814814814814815,0.2664576802507837,FF,4-Seamer,15.1,-14.3,-0.8,-6,8.3,-6.6,1.7,25,0.3700980392156863,0.678921568627451
2022,Harvey, Hunter,640451,Nationals,WSH,R,98.3,509,661,4.080246913580247,0.7700453857791225,FF,4-Seamer,11,-12.5,1.4,11,9.1,-8.1,0.9,12,0.8308823529411765,0.5833333333333334
2022,Manning, Matt,666159,Tigers,DET,R,93.2,509,990,6.111111111111111,0.5141414141414141,FF,4-Seamer,15,-15.2,0.2,1,2.9,-7.3,-4.4,-60,0.5588235294117647,0.061274509803921566
2022,Duran, Jhoan,661395,Twins,MIN,R,100.8,508,1023,6.314814814814815,0.4965786901270772,FF,4-Seamer,12.9,-11.5,-1.4,-12,11.7,-9.3,2.4,26,0.2696078431372549,0.7352941176470589
2022,Logue, Zach,656657,Athletics,OAK,L,90.1,503,1022,6.308641975308642,0.49217221135029354,FF,4-Seamer,20,-18.9,-1.1,-6,10.1,-9.3,0.8,8,0.32598039215686275,0.5612745098039216
2022,De Los Santos, Enyel,660853,Guardians,CLE,R,95.3,503,845,5.216049382716049,0.5952662721893491,FF,4-Seamer,15.9,-14.7,-1.3,-9,11.8,-8.4,3.5,41,0.2769607843137255,0.8578431372549019
2022,McGee, Jake,459429,Nationals,WSH,L,94.4,502,629,3.882716049382716,0.7980922098569158,FF,4-Seamer,15.8,-14.8,-1,-7,11.7,-7.8,3.9,50,0.33578431372549017,0.9117647058823529
2022,Faedo, Alex,656412,Tigers,DET,R,92.7,501,967,5.969135802469136,0.5180972078593589,FF,4-Seamer,14.9,-14.5,-0.4,-3,11,-6.2,4.8,77,0.4338235294117647,0.9583333333333334
2022,Sewald, Paul,623149,Mariners,SEA,R,92.5,501,974,6.012345679012346,0.5143737166324436,FF,4-Seamer,18.4,-19.1,0.7,4,11.9,-9.6,2.2,23,0.6397058823529411,0.7181372549019608
2022,Crawford, Kutter,676710,Red Sox,BOS,R,94.6,499,1296,8,0.38503086419753085,FF,4-Seamer,11.6,-14.3,2.7,19,10,-7.1,2.8,40,0.9656862745098039,0.7941176470588235
2022,Montero, Rafael,606160,Astros,HOU,R,96.4,498,1093,6.746913580246914,0.4556267154620311,FF,4-Seamer,13.8,-14.8,1,7,9.3,-9.4,-0.1,-1,0.7156862745098039,0.42892156862745096
2022,Hernández, Carlos,672578,Royals,KC,R,96.7,495,1035,6.388888888888889,0.4782608695652174,FF,4-Seamer,12.1,-13,0.8,6,8.1,-7.2,0.9,13,0.6593137254901961,0.5833333333333334
2022,Thielbar, Caleb,573204,Twins,MIN,L,92.8,492,996,6.148148148148148,0.4939759036144578,FF,4-Seamer,12.3,-15.1,2.8,19,3.2,-6.8,-3.6,-53,0.9730392156862745,0.13480392156862744
2022,Brebbia, John,605154,Giants,SF,R,94.4,491,1091,6.734567901234568,0.45004582951420713,FF,4-Seamer,13.4,-14.5,1.1,8,10,-7.3,2.7,36,0.7328431372549019,0.7745098039215687
2022,Corbin, Patrick,571578,Nationals,WSH,L,92.1,489,2623,16.191358024691358,0.1864277544796035,FF,4-Seamer,17.6,-14.9,-2.7,-18,8.1,-5.7,2.4,42,0.10294117647058823,0.7352941176470589
2022,Stephan, Trevor,663986,Guardians,CLE,R,96.5,486,1032,6.37037037037037,0.47093023255813954,FF,4-Seamer,15,-13.6,-1.4,-10,11,-7.9,3.1,40,0.2696078431372549,0.8259803921568627
2022,Davis, Austin,656354,Twins,MIN,L,94.1,483,1118,6.901234567901234,0.43202146690518783,FF,4-Seamer,15.8,-14.7,-1,-7,10.4,-7.3,3.1,42,0.33578431372549017,0.8259803921568627
2022,Beeks, Jalen,656222,Rays,TB,L,95,482,999,6.166666666666667,0.4824824824824825,FF,4-Seamer,12.5,-13.8,1.3,9,5.1,-6.8,-1.7,-26,0.803921568627451,0.2647058823529412
2022,Martin, Davis,663436,White Sox,CWS,R,94,482,1044,6.444444444444445,0.4616858237547893,FF,4-Seamer,14.6,-14.2,-0.4,-3,6.3,-6.5,-0.2,-3,0.4338235294117647,0.4068627450980392
2022,Scott, Tanner,656945,Marlins,MIA,L,96.9,480,1273,7.8580246913580245,0.3770620581304006,FF,4-Seamer,12.6,-14.1,1.5,10,5.3,-8.9,-3.6,-41,0.8455882352941176,0.13480392156862744
2022,Swanson, Erik,657024,Mariners,SEA,R,93.6,479,880,5.432098765432099,0.5443181818181818,FF,4-Seamer,12.5,-14.1,1.7,12,10,-6.1,3.9,64,0.8700980392156863,0.9117647058823529
2022,Romano, Jordan,605447,Blue Jays,TOR,R,96.9,474,989,6.104938271604938,0.4792719919110212,FF,4-Seamer,11.2,-12.3,1.1,9,5.3,-6.7,-1.4,-20,0.7328431372549019,0.2916666666666667
2022,Stratton, Chris,608717,Cardinals,STL,R,92.8,474,1100,6.790123456790123,0.4309090909090909,FF,4-Seamer,16.9,-15.3,-1.6,-11,3.6,-7,-3.4,-48,0.23039215686274508,0.14950980392156862
2022,Luzardo, Jesús,666200,Marlins,MIA,L,96.3,474,1644,10.148148148148149,0.28832116788321166,FF,4-Seamer,14.7,-13.7,-1,-8,13.5,-7.8,5.8,74,0.33578431372549017,0.9901960784313726
2022,Gallegos, Giovanny,606149,Cardinals,STL,R,94.3,473,988,6.098765432098766,0.47874493927125505,FF,4-Seamer,12.3,-13.1,0.8,6,7.5,-6.5,1,16,0.6593137254901961,0.6004901960784313
2022,Weems, Jordan,607179,Nationals,WSH,R,96.8,471,738,4.555555555555555,0.6382113821138211,FF,4-Seamer,11.1,-13,1.9,15,6.8,-7.3,-0.5,-7,0.9019607843137255,0.38480392156862747
2022,Maton, Phil,664208,Astros,HOU,R,91,470,1089,6.722222222222222,0.4315886134067952,FF,4-Seamer,16.8,-17,0.2,1,1.3,-7.2,-5.9,-82,0.5588235294117647,0.0196078431372549
2022,Hernandez, Elieser,622694,Marlins,MIA,R,91.6,470,1095,6.7592592592592595,0.4292237442922374,FF,4-Seamer,15.1,-17,1.9,11,6.4,-8.3,-1.9,-23,0.9019607843137255,0.25245098039215685
2022,Jackson, Zach,667427,Athletics,OAK,R,94.5,466,887,5.4753086419753085,0.5253664036076663,FF,4-Seamer,11.2,-12.8,1.6,13,5,-6.4,-1.3,-21,0.8553921568627451,0.3014705882352941
2022,Montgomery, Jordan,656756,Cardinals,STL,L,93,462,2715,16.75925925925926,0.17016574585635358,FF,4-Seamer,16.8,-14.2,-2.6,-18,8.8,-5.8,3,51,0.10784313725490197,0.8161764705882353
2022,Garcia, Yimi,554340,Blue Jays,TOR,R,94.9,461,1039,6.41358024691358,0.4436958614051973,FF,4-Seamer,16.7,-15.7,-1,-6,9.5,-9.9,-0.4,-4,0.33578431372549017,0.39215686274509803
2022,Abreu, Bryan,650556,Astros,HOU,R,97.2,459,1019,6.290123456790123,0.450441609421001,FF,4-Seamer,12,-13.2,1.2,9,6.3,-8,-1.7,-22,0.7696078431372549,0.2647058823529412
2022,Cueto, Johnny,456501,White Sox,CWS,R,91.4,459,2372,14.641975308641975,0.19350758853288363,FF,4-Seamer,17.8,-16.5,-1.3,-8,12.1,-7.5,4.6,61,0.2769607843137255,0.946078431372549
2022,Wilson, Steven,621051,Padres,SD,R,95.1,456,874,5.395061728395062,0.5217391304347826,FF,4-Seamer,12.1,-14.4,2.4,16,8,-7.9,0.2,2,0.9509803921568627,0.48284313725490197
2022,Hudson, Dakota,641712,Cardinals,STL,R,91.4,456,2253,13.907407407407407,0.20239680426098536,FF,4-Seamer,24.2,-16,-8.2,-52,4.4,-6.5,-2.1,-33,0,0.24019607843137256
2022,Suárez, Ranger,624133,Phillies,PHI,L,93.2,454,2564,15.82716049382716,0.17706708268330734,FF,4-Seamer,20.1,-15.2,-4.8,-32,6.6,-7.3,-0.7,-9,0.0196078431372549,0.3627450980392157
2022,Martinez, Nick,607259,Padres,SD,R,93.4,452,1720,10.617283950617283,0.2627906976744186,FF,4-Seamer,14.3,-15,0.7,5,7.2,-7.1,0.2,2,0.6397058823529411,0.48284313725490197
2022,Bednar, David,670280,Pirates,PIT,R,96.4,451,842,5.197530864197531,0.5356294536817102,FF,4-Seamer,12.4,-13.5,1.1,8,10.2,-7.6,2.6,34,0.7328431372549019,0.7573529411764706
2022,Winder, Josh,680739,Twins,MIN,R,94,450,1114,6.8765432098765435,0.40394973070017953,FF,4-Seamer,13.4,-14.4,0.9,7,8.3,-6.8,1.5,21,0.6838235294117647,0.6691176470588235
2022,Hughes, Brandon,676714,Cubs,CHC,L,93.2,448,973,6.006172839506172,0.460431654676259,FF,4-Seamer,16.8,-15.7,-1.1,-7,12.9,-8,4.9,61,0.32598039215686275,0.9656862745098039
2022,Megill, Tylor,656731,Mets,NYM,R,95.7,447,791,4.882716049382716,0.5651074589127687,FF,4-Seamer,13.5,-13.3,-0.1,-1,7.2,-7.2,0.1,1,0.4877450980392157,0.4681372549019608
2022,deGrom, Jacob,594798,Mets,NYM,R,98.9,446,940,5.802469135802469,0.474468085106383,FF,4-Seamer,11.3,-12.4,1.2,9,9.5,-8.4,1.1,13,0.7696078431372549,0.6176470588235294
2022,Bush, Matt,456713,Brewers,MIL,R,97.3,444,909,5.611111111111111,0.4884488448844885,FF,4-Seamer,10.1,-13.6,3.6,26,6.7,-8.7,-2,-22,1,0.25
2022,Smeltzer, Devin,656970,Twins,MIN,L,89.5,442,1129,6.969135802469136,0.39149689991142606,FF,4-Seamer,18.1,-17.3,-0.9,-5,11,-6.3,4.8,77,0.3627450980392157,0.9583333333333334
2022,Hoffman, Jeff,656546,Reds,CIN,R,94.2,441,848,5.234567901234568,0.5200471698113207,FF,4-Seamer,13.8,-14.4,0.5,4,10.7,-6.9,3.8,54,0.6102941176470589,0.8995098039215687
2022,Wilson, Bryse,669060,Pirates,PIT,R,92.7,438,1825,11.265432098765432,0.24,FF,4-Seamer,17.4,-15.9,-1.6,-10,8.5,-7.7,0.8,10,0.23039215686274508,0.5612745098039216
2022,Stephenson, Robert,596112,Pirates,PIT,R,96.8,437,914,5.6419753086419755,0.47811816192560175,FF,4-Seamer,14,-13.5,-0.5,-4,11.4,-8.1,3.3,41,0.4117647058823529,0.8431372549019608
2022,Brasier, Ryan,518489,Red Sox,BOS,R,95.9,435,985,6.080246913580247,0.4416243654822335,FF,4-Seamer,13.2,-14,0.7,5,7.1,-7.9,-0.8,-10,0.6397058823529411,0.35049019607843135
2022,García, Jarlín,606424,Giants,SF,L,93.8,435,1015,6.265432098765432,0.42857142857142855,FF,4-Seamer,18.1,-14.9,-3.3,-22,14.8,-7.3,7.5,102,0.058823529411764705,0.9950980392156863
2022,Pineda, Michael,501381,Tigers,DET,R,89.9,433,731,4.512345679012346,0.5923392612859097,FF,4-Seamer,19.8,-16.6,-3.2,-19,5.5,-5.4,0.1,1,0.06372549019607843,0.4681372549019608
2022,Oller, Adam,670124,Athletics,OAK,R,93.3,431,1294,7.987654320987654,0.3330757341576507,FF,4-Seamer,14.2,-15.1,0.9,6,11.1,-7.2,3.9,54,0.6838235294117647,0.9117647058823529
2022,Henry, Tommy,674072,D-backs,AZ,L,91.6,430,773,4.771604938271605,0.55627425614489,FF,4-Seamer,17.6,-16.4,-1.2,-7,7.2,-7.3,-0.1,-2,0.30637254901960786,0.42892156862745096
2022,Abbott, Cory,676265,Nationals,WSH,R,91.3,430,845,5.216049382716049,0.5088757396449705,FF,4-Seamer,15.8,-16.7,0.9,5,11.5,-7.8,3.7,47,0.6838235294117647,0.8848039215686274
2022,Oviedo, Johan,670912,Pirates,PIT,R,96,426,980,6.049382716049383,0.4346938775510204,FF,4-Seamer,19.5,-14.5,-5,-35,8.7,-8.6,0.1,1,0.01715686274509804,0.4681372549019608
2022,Megill, Trevor,656730,Twins,MIN,R,98,424,774,4.777777777777778,0.5478036175710594,FF,4-Seamer,11.7,-11.7,0,0,4.2,-6.6,-2.4,-36,0.5049019607843137,0.2181372549019608
2022,Karinchak, James,675916,Guardians,CLE,R,95.2,420,704,4.345679012345679,0.5965909090909091,FF,4-Seamer,9.5,-12.9,3.4,26,1.9,-6.2,-4.3,-69,0.9950980392156863,0.07107843137254902
2022,Ober, Bailey,641927,Twins,MIN,R,91.5,419,854,5.271604938271605,0.49063231850117095,FF,4-Seamer,15.3,-15.9,0.5,3,8.5,-6.5,2.1,32,0.6102941176470589,0.7058823529411765
2022,Acevedo, Domingo,642758,Athletics,OAK,R,93,419,1005,6.203703703703703,0.41691542288557215,FF,4-Seamer,18.4,-16,-2.4,-15,13.6,-8.6,5,58,0.13725490196078433,0.9681372549019608
2022,Weaver, Luke,596133,Royals,KC,R,94.9,418,721,4.450617283950617,0.579750346740638,FF,4-Seamer,14.1,-14.8,0.6,4,8.9,-8.2,0.7,8,0.6176470588235294,0.5343137254901961
2022,Neris, Héctor,593576,Astros,HOU,R,94.3,415,1012,6.246913580246914,0.41007905138339923,FF,4-Seamer,13.9,-14.7,0.8,6,10.4,-7.5,3,39,0.6593137254901961,0.8161764705882353
2022,Pepiot, Ryan,686752,Dodgers,LAD,R,93.9,414,737,4.549382716049383,0.5617367706919946,FF,4-Seamer,12.9,-14.9,1.9,13,9.9,-7.6,2.4,31,0.9019607843137255,0.7352941176470589
2022,Murfee, Penn,682171,Mariners,SEA,R,89,412,1003,6.191358024691358,0.4107676969092722,FF,4-Seamer,26.7,-25.1,-1.6,-6,2.9,-6.7,-3.9,-57,0.23039215686274508,0.09558823529411764
2022,Wantz, Andrew,681806,Angels,LAA,R,93.8,411,831,5.12962962962963,0.49458483754512633,FF,4-Seamer,13.6,-14.6,1,7,3,-6.8,-3.8,-56,0.7156862745098039,0.11029411764705882
2022,Smith, Will,519293,Astros,HOU,L,92.1,409,985,6.080246913580247,0.4152284263959391,FF,4-Seamer,15.4,-14.7,-0.7,-4,8.6,-5.9,2.8,47,0.38235294117647056,0.7941176470588235
2022,Sawamura, Hirokazu,617228,Red Sox,BOS,R,95.9,409,838,5.172839506172839,0.4880668257756563,FF,4-Seamer,14,-14.1,0.1,1,8.8,-8,0.7,9,0.5343137254901961,0.5343137254901961
2022,Mayers, Mike,594577,Angels,LAA,R,93.5,409,890,5.493827160493828,0.45955056179775283,FF,4-Seamer,15,-15.4,0.4,3,11,-7.9,3.1,39,0.5955882352941176,0.8259803921568627
2022,Smith, Drew,622098,Mets,NYM,R,95.7,409,780,4.814814814814815,0.5243589743589744,FF,4-Seamer,11.4,-14.3,2.9,20,7,-8.2,-1.2,-15,0.9779411764705882,0.3137254901960784
2022,Hill, Garrett,682051,Tigers,DET,R,92,405,1019,6.290123456790123,0.3974484789008832,FF,4-Seamer,16.3,-16.6,0.4,2,9.5,-8.2,1.3,16,0.5955882352941176,0.6421568627450981
2022,Falter, Bailey,663559,Phillies,PHI,L,91.4,404,1295,7.993827160493828,0.311969111969112,FF,4-Seamer,13.8,-15.6,1.8,12,1.2,-5.6,-4.4,-79,0.8848039215686274,0.061274509803921566
2022,Banks, Tanner,621383,White Sox,CWS,L,92.9,403,897,5.537037037037037,0.4492753623188406,FF,4-Seamer,15.5,-14.8,-0.7,-5,1.9,-6.5,-4.6,-71,0.38235294117647056,0.049019607843137254
2022,Pérez, Cionel,672335,Orioles,BAL,L,97,403,901,5.561728395061729,0.44728079911209767,FF,4-Seamer,12.7,-13.9,1.2,8,6.2,-8.8,-2.6,-29,0.7696078431372549,0.19852941176470587
2022,Williams, Devin,642207,Brewers,MIL,R,93.9,401,1068,6.592592592592593,0.37546816479400746,FF,4-Seamer,14.5,-14.9,0.3,2,12.2,-8,4.2,52,0.5759803921568627,0.9338235294117647
2022,Foster, Matt,641582,White Sox,CWS,R,93.7,400,768,4.7407407407407405,0.5208333333333334,FF,4-Seamer,12.6,-14.8,2.2,15,5.8,-7.1,-1.3,-18,0.9338235294117647,0.3014705882352941
2022,García, Rony,665621,Tigers,DET,R,92.9,395,885,5.462962962962963,0.4463276836158192,FF,4-Seamer,18,-17.5,-0.5,-3,10.6,-9.8,0.8,9,0.4117647058823529,0.5612745098039216
2022,Jax, Griffin,643377,Twins,MIN,R,95.4,390,1157,7.1419753086419755,0.33707865168539325,FF,4-Seamer,13.5,-14.4,1,7,8.6,-8.1,0.5,6,0.7156862745098039,0.5220588235294118
2022,Bellatti, Andrew,571479,Phillies,PHI,R,94.4,389,963,5.944444444444445,0.4039460020768432,FF,4-Seamer,14.2,-15.2,1.1,7,10.5,-8.5,2,23,0.7328431372549019,0.7009803921568627
2022,Ferguson, Caleb,657571,Dodgers,LAD,L,94.8,388,580,3.580246913580247,0.6689655172413793,FF,4-Seamer,14.5,-14.6,0.1,1,6.2,-7.9,-1.7,-22,0.5343137254901961,0.2647058823529412
2022,Festa, Matt,670036,Mariners,SEA,R,92.6,388,897,5.537037037037037,0.43255295429208473,FF,4-Seamer,17.6,-17.2,-0.3,-2,4.8,-9.4,-4.6,-49,0.4534313725490196,0.049019607843137254
2022,Díaz, Edwin O,621242,Mets,NYM,R,99.1,386,928,5.728395061728395,0.41594827586206895,FF,4-Seamer,14.5,-14.7,0.2,2,13.5,-11.6,1.8,15,0.5588235294117647,0.6887254901960784
2022,Littell, Zack,641793,Giants,SF,R,94.5,384,758,4.679012345679013,0.5065963060686016,FF,4-Seamer,12.6,-13.9,1.3,9,6.2,-6.4,-0.1,-2,0.803921568627451,0.42892156862745096
2022,Davidson, Tucker,656353,Angels,LAA,L,93.1,379,912,5.62962962962963,0.4155701754385965,FF,4-Seamer,14.3,-14.8,0.5,3,3.5,-6.5,-3,-46,0.6102941176470589,0.16666666666666666
2022,Rucker, Michael,621074,Cubs,CHC,R,94.7,379,914,5.6419753086419755,0.41466083150984684,FF,4-Seamer,14.5,-14.8,0.3,2,7.4,-8.1,-0.6,-8,0.5759803921568627,0.36764705882352944
2022,Chapman, Aroldis,547973,Yankees,NYY,L,97.5,377,679,4.191358024691358,0.5552282768777614,FF,4-Seamer,11,-12.3,1.3,10,4.5,-6.7,-2.2,-33,0.803921568627451,0.23039215686274508
2022,Alexander, Tyler,641302,Tigers,DET,L,90.1,375,1591,9.820987654320987,0.23570081709616594,FF,4-Seamer,15.9,-17,1.2,7,7.7,-6.8,0.8,12,0.7696078431372549,0.5612745098039216
2022,Morejon, Adrian,670970,Padres,SD,L,96.9,373,540,3.3333333333333335,0.6907407407407408,FF,4-Seamer,12.2,-13.2,1.1,8,6.8,-7.7,-0.9,-11,0.7328431372549019,0.3431372549019608
2022,Staumont, Josh,622251,Royals,KC,R,96.1,372,731,4.512345679012346,0.5088919288645691,FF,4-Seamer,11.6,-12.9,1.3,10,2.7,-6.4,-3.7,-57,0.803921568627451,0.12009803921568628
2022,Lorenzen, Michael,547179,Angels,LAA,R,94.6,368,1654,10.209876543209877,0.22249093107617895,FF,4-Seamer,15.8,-15,-0.8,-6,11.9,-8.3,3.6,44,0.3700980392156863,0.8676470588235294
2022,Farmer, Buck,571656,Reds,CIN,R,94.6,368,855,5.277777777777778,0.4304093567251462,FF,4-Seamer,15.3,-14.4,-0.9,-6,10.1,-7.4,2.7,37,0.3627450980392157,0.7745098039215687
2022,Rainey, Tanner,663432,Nationals,WSH,R,97,366,521,3.2160493827160495,0.7024952015355086,FF,4-Seamer,11,-13,2,15,8.7,-7.3,1.4,19,0.9166666666666666,0.6544117647058824
2022,Cimber, Adam,643256,Blue Jays,TOR,R,86.5,365,1044,6.444444444444445,0.3496168582375479,FF,4-Seamer,31.6,-31.7,0,0,10.9,-10.9,0,0,0.5049019607843137,0.4485294117647059
2022,Bassitt, Chris,605135,Mets,NYM,R,93.3,365,2886,17.814814814814813,0.12647262647262647,FF,4-Seamer,17.8,-15.7,-2.1,-14,5.5,-8.1,-2.6,-32,0.17892156862745098,0.19852941176470587
2022,Clarke, Taylor,664199,Royals,KC,R,95.6,364,859,5.302469135802469,0.42374854481955765,FF,4-Seamer,12.3,-13.8,1.5,11,5.5,-7.2,-1.7,-23,0.8455882352941176,0.2647058823529412
2022,Martin, Chris,455119,Dodgers,LAD,R,95.3,363,858,5.296296296296297,0.4230769230769231,FF,4-Seamer,15.9,-13.7,-2.2,-16,7.7,-6.8,0.9,13,0.16176470588235295,0.5833333333333334
2022,Muñoz, Andrés,662253,Mariners,SEA,R,100.2,362,1024,6.320987654320987,0.353515625,FF,4-Seamer,13.9,-12.6,-1.3,-10,12.1,-10,2.1,21,0.2769607843137255,0.7058823529411765
2022,Lambert, Jimmy,669424,White Sox,CWS,R,94.3,360,818,5.049382716049383,0.4400977995110024,FF,4-Seamer,12.7,-14.4,1.7,12,7.7,-7.1,0.6,9,0.8700980392156863,0.5318627450980392
2022,Buehler, Walker,621111,Dodgers,LAD,R,95.2,358,1046,6.45679012345679,0.3422562141491396,FF,4-Seamer,13.3,-14.5,1.2,9,5.9,-8,-2.1,-26,0.7696078431372549,0.24019607843137256
2022,Hendricks, Kyle,543294,Cubs,CHC,R,86.9,358,1347,8.314814814814815,0.2657757980697847,FF,4-Seamer,20.4,-19.2,-1.2,-6,6,-5.3,0.7,13,0.30637254901960786,0.5343137254901961
2022,Garrett, Braxton,666129,Marlins,MIA,L,91.4,358,1436,8.864197530864198,0.24930362116991645,FF,4-Seamer,17.1,-15.9,-1.2,-7,9.3,-6.5,2.7,42,0.30637254901960786,0.7745098039215687
2022,Soto, Gregory,642397,Tigers,DET,L,98.7,351,1102,6.802469135802469,0.31851179673321234,FF,4-Seamer,14.5,-12.6,-1.9,-15,11.2,-8.5,2.7,32,0.19852941176470587,0.7745098039215687
2022,Suarez, Robert,663158,Padres,SD,R,97.9,349,801,4.944444444444445,0.43570536828963796,FF,4-Seamer,11.6,-12.3,0.6,5,7.3,-7.3,0,0,0.6176470588235294,0.4485294117647059
2022,Hentges, Sam,656529,Guardians,CLE,L,95.7,348,944,5.827160493827161,0.3686440677966102,FF,4-Seamer,15.1,-13,-2.1,-16,8.4,-6.2,2.2,35,0.17892156862745098,0.7181372549019608
2022,Howard, Spencer,675921,Rangers,TEX,R,94.4,348,692,4.271604938271605,0.5028901734104047,FF,4-Seamer,14.4,-14.2,-0.2,-1,7.6,-6.8,0.8,12,0.47058823529411764,0.5612745098039216
2022,Norris, Daniel,596057,Tigers,DET,L,91.2,347,1012,6.246913580246914,0.34288537549407117,FF,4-Seamer,15.5,-16.4,0.8,5,7.4,-7,0.4,6,0.6593137254901961,0.5049019607843137
2022,Stephens, Jackson,623451,Braves,ATL,R,94.1,345,944,5.827160493827161,0.3654661016949153,FF,4-Seamer,16.2,-14.5,-1.8,-12,6.1,-7,-0.9,-13,0.21323529411764705,0.3431372549019608
2022,Moran, Jovani,663558,Twins,MIN,L,93.4,343,672,4.148148148148148,0.5104166666666666,FF,4-Seamer,13.4,-15.2,1.8,12,2.9,-7.3,-4.4,-60,0.8848039215686274,0.061274509803921566
2022,Lee, Dylan,669276,Braves,ATL,L,92.1,343,754,4.654320987654321,0.45490716180371354,FF,4-Seamer,12.7,-14.9,2.2,15,7,-5.9,1.1,19,0.9338235294117647,0.6176470588235294
2022,Moronta, Reyes,606625,D-backs,AZ,R,95.3,342,641,3.95679012345679,0.5335413416536662,FF,4-Seamer,13.6,-14.8,1.1,8,6.1,-8.5,-2.4,-28,0.7328431372549019,0.2181372549019608
2022,Gutierrez, Vladimir,661269,Reds,CIN,R,92.8,340,684,4.222222222222222,0.49707602339181284,FF,4-Seamer,17.7,-16.6,-1,-6,12,-9,3,33,0.33578431372549017,0.8161764705882353
2022,Thompson, Zach,605507,Pirates,PIT,R,92.3,338,2080,12.839506172839506,0.1625,FF,4-Seamer,18.1,-14.5,-3.6,-25,2,-5.9,-3.9,-66,0.051470588235294115,0.09558823529411764
2022,Cishek, Steve,518553,Nationals,WSH,R,89.3,338,1175,7.253086419753086,0.2876595744680851,FF,4-Seamer,23.1,-22.9,-0.2,-1,12,-11.1,0.9,8,0.47058823529411764,0.5833333333333334
2022,Phelps, David,475479,Blue Jays,TOR,R,93.2,337,1151,7.104938271604938,0.29278887923544744,FF,4-Seamer,13.6,-14.9,1.2,8,8.7,-7.2,1.4,20,0.7696078431372549,0.6544117647058824
2022,Castillo, Max,666721,Royals,KC,R,93,335,697,4.302469135802469,0.4806312769010043,FF,4-Seamer,17.5,-15,-2.5,-16,13,-6.8,6.2,92,0.11764705882352941,0.9926470588235294
2022,Marinaccio, Ron,676760,Yankees,NYY,R,94.6,335,757,4.672839506172839,0.4425363276089828,FF,4-Seamer,13.6,-15.3,1.6,11,12.5,-8.6,3.9,45,0.8553921568627451,0.9117647058823529
2022,Krehbiel, Joey,607216,Orioles,BAL,R,94.4,334,977,6.030864197530864,0.34186284544524054,FF,4-Seamer,15,-14.6,-0.4,-3,9.9,-7.4,2.5,33,0.4338235294117647,0.7450980392156863
2022,Brash, Matt,666374,Mariners,SEA,R,96.9,334,935,5.771604938271605,0.3572192513368984,FF,4-Seamer,15.3,-14.3,-1,-7,11.5,-9.1,2.4,26,0.33578431372549017,0.7352941176470589
2022,Cotton, Jharel,605194,Giants,SF,R,92.7,331,741,4.574074074074074,0.446693657219973,FF,4-Seamer,13,-15.1,2.1,14,8.3,-7,1.3,18,0.928921568627451,0.6421568627450981
2022,Waldichuk, Ken,686610,Athletics,OAK,L,94.1,331,586,3.617283950617284,0.5648464163822525,FF,4-Seamer,15.4,-14.9,-0.6,-4,10.5,-7.6,2.8,37,0.4019607843137255,0.7941176470588235
2022,Houser, Adrian,605288,Brewers,MIL,R,94.3,328,1848,11.407407407407407,0.1774891774891775,FF,4-Seamer,15.5,-14.2,-1.3,-9,9.4,-6.7,2.7,40,0.2769607843137255,0.7745098039215687
2022,Zimmermann, Bruce,669145,Orioles,BAL,L,90.6,328,1130,6.9753086419753085,0.2902654867256637,FF,4-Seamer,16.6,-16.4,-0.2,-1,7.9,-6.2,1.8,29,0.47058823529411764,0.6887254901960784
2022,Garrett, Amir,607237,Royals,KC,L,94.2,327,804,4.962962962962963,0.40671641791044777,FF,4-Seamer,16.6,-14.6,-2,-14,11.2,-7.2,4,56,0.19117647058823528,0.9240196078431373
2022,Gibson, Kyle,502043,Phillies,PHI,R,92,326,2739,16.90740740740741,0.1190215407082877,FF,4-Seamer,16.4,-15,-1.5,-10,6.2,-5.8,0.4,7,0.25245098039215685,0.5049019607843137
2022,Ortega, Oliver,661383,Angels,LAA,R,95.9,323,567,3.5,0.5696649029982364,FF,4-Seamer,15.1,-13.8,-1.3,-9,2.4,-7.5,-5.1,-68,0.2769607843137255,0.029411764705882353
2022,Strzelecki, Peter,657265,Brewers,MIL,R,93.5,322,605,3.734567901234568,0.5322314049586777,FF,4-Seamer,17.6,-16.1,-1.5,-9,11.5,-8.8,2.7,30,0.25245098039215685,0.7745098039215687
2022,Flaherty, Jack,656427,Cardinals,STL,R,93.3,320,662,4.08641975308642,0.48338368580060426,FF,4-Seamer,17.5,-15.9,-1.6,-10,3.6,-8.3,-4.7,-56,0.23039215686274508,0.04656862745098039
2022,Barnes, Matt,598264,Red Sox,BOS,R,95,318,693,4.277777777777778,0.4588744588744589,FF,4-Seamer,13.7,-13.7,0,0,10.9,-6.7,4.2,64,0.5049019607843137,0.9338235294117647
2022,Ort, Kaleb,672391,Red Sox,BOS,R,96.3,316,529,3.265432098765432,0.5973534971644613,FF,4-Seamer,12.9,-14.2,1.2,9,9.4,-8.5,0.9,10,0.7696078431372549,0.5833333333333334
2022,Long, Sam,669674,Giants,SF,L,94.7,314,739,4.561728395061729,0.4248985115020298,FF,4-Seamer,12.4,-14.3,1.9,13,7.5,-7.1,0.4,6,0.9019607843137255,0.5049019607843137
2022,Ragans, Cole,666142,Rangers,TEX,L,92.1,314,706,4.3580246913580245,0.4447592067988669,FF,4-Seamer,14,-14.8,0.8,6,10.7,-6,4.7,79,0.6593137254901961,0.9509803921568627
2022,Ramirez, Noé,598287,D-backs,AZ,R,89.8,314,837,5.166666666666667,0.3751493428912784,FF,4-Seamer,22.6,-20.2,-2.5,-12,10.4,-9.4,1,10,0.11764705882352941,0.6004901960784313
2022,Thompson, Zack,668868,Cardinals,STL,L,94.8,312,575,3.549382716049383,0.542608695652174,FF,4-Seamer,14.5,-14.2,-0.3,-2,7.9,-7.3,0.7,9,0.4534313725490196,0.5343137254901961
2022,Lugo, Seth,607625,Mets,NYM,R,94.4,312,1079,6.660493827160494,0.2891566265060241,FF,4-Seamer,13.4,-15,1.6,11,8.3,-8,0.3,3,0.8553921568627451,0.49754901960784315
2022,Okert, Steven,595345,Marlins,MIA,L,93.7,309,968,5.9753086419753085,0.31921487603305787,FF,4-Seamer,16.5,-15,-1.5,-10,10,-7.4,2.6,35,0.25245098039215685,0.7573529411764706
2022,Domínguez, Seranthony,622554,Phillies,PHI,R,97.6,308,823,5.080246913580247,0.37424058323207776,FF,4-Seamer,14.8,-13.5,-1.3,-10,3.1,-8.8,-5.7,-65,0.2769607843137255,0.022058823529411766
2022,Iglesias, Raisel,628452,Braves,ATL,R,95,307,979,6.04320987654321,0.313585291113381,FF,4-Seamer,14.4,-14.9,0.4,3,9.8,-8.4,1.4,17,0.5955882352941176,0.6544117647058824
2022,Sulser, Cole,642121,Marlins,MIA,R,91.9,306,619,3.8209876543209877,0.49434571890145396,FF,4-Seamer,14.5,-15.9,1.4,9,7.6,-6.9,0.7,11,0.8308823529411765,0.5343137254901961
2022,Machado, Andres,600921,Nationals,WSH,R,95.6,305,997,6.154320987654321,0.3059177532597793,FF,4-Seamer,13.6,-14.3,0.7,5,7,-8.1,-1.1,-13,0.6397058823529411,0.32598039215686275
2022,Wentz, Joey,666214,Tigers,DET,L,92.4,305,555,3.425925925925926,0.5495495495495496,FF,4-Seamer,15.6,-15,-0.5,-3,11.9,-6.3,5.7,90,0.4117647058823529,0.9852941176470589
2022,Leone, Dominic,608678,Giants,SF,R,95.6,304,826,5.098765432098766,0.36803874092009686,FF,4-Seamer,14.4,-14,-0.3,-2,6.1,-7.6,-1.5,-20,0.4534313725490196,0.28431372549019607
2022,Sands, Cole,663485,Twins,MIN,R,91.6,303,603,3.7222222222222223,0.5024875621890548,FF,4-Seamer,20.2,-16.9,-3.4,-20,8.8,-8.2,0.7,8,0.056372549019607844,0.5343137254901961
2022,Armstrong, Shawn,542888,Rays,TB,R,95.3,303,1047,6.462962962962963,0.28939828080229224,FF,4-Seamer,14.2,-14,-0.2,-1,5.2,-7.4,-2.2,-29,0.47058823529411764,0.23039215686274508
2022,Adam, Jason,592094,Rays,TB,R,94.8,302,942,5.814814814814815,0.3205944798301486,FF,4-Seamer,13,-14.3,1.3,9,6.9,-7.4,-0.5,-7,0.803921568627451,0.38480392156862747
2022,Syndergaard, Noah,592789,Phillies,PHI,R,94.1,302,2026,12.506172839506172,0.14906219151036526,FF,4-Seamer,16.7,-14.1,-2.6,-18,5.8,-6.4,-0.6,-9,0.10784313725490197,0.36764705882352944
2022,Gibaut, Ian,664139,Reds,CIN,R,95.8,299,694,4.283950617283951,0.430835734870317,FF,4-Seamer,12.5,-13.6,1.1,8,4.7,-7.4,-2.7,-36,0.7328431372549019,0.19117647058823528
2022,Schreiber, John,670167,Red Sox,BOS,R,94.5,298,1020,6.296296296296297,0.29215686274509806,FF,4-Seamer,21.5,-18.9,-2.6,-14,10.3,-10.5,-0.2,-2,0.10784313725490197,0.4068627450980392
2022,Ginkel, Kevin,656464,D-backs,AZ,R,96.4,297,479,2.95679012345679,0.6200417536534447,FF,4-Seamer,14.8,-12.6,-2.2,-17,11.2,-6.2,5,80,,
2022,Germán, Domingo,593334,Yankees,NYY,R,92.7,295,1081,6.672839506172839,0.272895467160037,FF,4-Seamer,15.7,-16.4,0.7,4,11,-8.7,2.3,26,0.6397058823529411,0.7279411764705882
2022,Strahm, Matt,621381,Red Sox,BOS,L,94.2,292,764,4.716049382716049,0.38219895287958117,FF,4-Seamer,15.1,-15.5,0.4,2,13.5,-8.6,4.8,56,0.5955882352941176,0.9583333333333334
2022,Wainwright, Adam,425794,Cardinals,STL,R,88,291,3133,19.339506172839506,0.09288222151292691,FF,4-Seamer,20.1,-17.9,-2.2,-12,1.4,-5.7,-4.3,-76,0.16176470588235295,0.07107843137254902
2022,Barlow, Scott,605130,Royals,KC,R,93.6,288,1198,7.395061728395062,0.24040066777963273,FF,4-Seamer,19.1,-16,-3.1,-19,3.8,-8.7,-4.9,-57,0.0784313725490196,0.03676470588235294
2022,Leclerc, José,600917,Rangers,TEX,R,96.5,286,782,4.827160493827161,0.3657289002557545,FF,4-Seamer,11.4,-13.8,2.4,18,4,-7.7,-3.7,-48,0.9509803921568627,0.12009803921568628
2022,Tepera, Ryan,572193,Angels,LAA,R,92.6,282,892,5.506172839506172,0.31614349775784756,FF,4-Seamer,15.1,-15.7,0.6,4,7.2,-7.3,-0.1,-2,0.6176470588235294,0.42892156862745096
2022,Rodriguez, Elvin,660730,Tigers,DET,R,93.1,281,534,3.2962962962962963,0.5262172284644194,FF,4-Seamer,13.4,-15,1.6,11,8.9,-6.7,2.2,32,0.8553921568627451,0.7181372549019608
2022,Pruitt, Austin,643493,Athletics,OAK,R,91.4,279,809,4.993827160493828,0.34487021013597036,FF,4-Seamer,17.9,-16.2,-1.7,-11,3.2,-7.1,-3.9,-55,0.22303921568627452,0.09558823529411764
2022,Newcomb, Sean,656794,Cubs,CHC,L,94.3,278,552,3.4074074074074074,0.5036231884057971,FF,4-Seamer,14,-13.8,-0.2,-1,5.7,-6.5,-0.8,-12,0.47058823529411764,0.35049019607843135
2022,Baumann, Mike,657508,Orioles,BAL,R,95.8,278,580,3.580246913580247,0.4793103448275862,FF,4-Seamer,11.9,-13.1,1.2,9,5.5,-6.4,-0.8,-13,0.7696078431372549,0.35049019607843135
2022,Thornton, Trent,663423,Blue Jays,TOR,R,93.8,277,664,4.098765432098766,0.4171686746987952,FF,4-Seamer,13.1,-15.1,2,13,2.5,-7.6,-5.1,-67,0.9166666666666666,0.029411764705882353
2022,Warren, Art,605521,Reds,CIN,R,93.5,273,655,4.04320987654321,0.416793893129771,FF,4-Seamer,15.5,-15.1,-0.4,-3,5.7,-7.3,-1.6,-22,0.4338235294117647,0.27941176470588236
2022,Duffey, Tyler,608648,Twins,MIN,R,92.3,273,741,4.574074074074074,0.3684210526315789,FF,4-Seamer,16.4,-15.4,-1,-7,4.4,-6.6,-2.2,-33,0.33578431372549017,0.23039215686274508
2022,Lamet, Dinelson,659275,Rockies,COL,R,95.4,266,583,3.5987654320987654,0.4562607204116638,FF,4-Seamer,15.4,-13.9,-1.5,-11,6.1,-7.2,-1.1,-16,0.25245098039215685,0.32598039215686275
2022,Payamps, Joel,606303,Athletics,OAK,R,94.8,262,952,5.8765432098765435,0.27521008403361347,FF,4-Seamer,14.7,-14.5,-0.1,-1,9,-7.7,1.2,16,0.4877450980392157,0.6274509803921569
2022,Swarmer, Matt,664161,Cubs,CHC,R,90.5,257,657,4.055555555555555,0.3911719939117199,FF,4-Seamer,18.1,-15.7,-2.4,-15,4.1,-5.4,-1.3,-24,0.13725490196078433,0.3014705882352941
2022,Chafin, Andrew,605177,Tigers,DET,L,91.6,256,899,5.549382716049383,0.28476084538375973,FF,4-Seamer,17.3,-15.4,-1.9,-12,9.6,-5.9,3.7,62,0.19852941176470587,0.8848039215686274
2022,Beede, Tyler,595881,Pirates,PIT,R,95.8,254,1072,6.617283950617284,0.23694029850746268,FF,4-Seamer,16.8,-14.5,-2.4,-16,11,-8.5,2.5,30,0.13725490196078433,0.7450980392156863
2022,Cabrera, Génesis,650893,Cardinals,STL,L,96.1,252,736,4.54320987654321,0.3423913043478261,FF,4-Seamer,11.8,-13.5,1.7,13,7.5,-7.3,0.2,2,0.8700980392156863,0.48284313725490197
2022,Price, David,456034,Dodgers,LAD,L,92.1,251,596,3.6790123456790123,0.4211409395973154,FF,4-Seamer,20.2,-15.7,-4.5,-29,10.6,-6.8,3.8,55,0.024509803921568627,0.8995098039215687
2022,Gott, Trevor,641627,Brewers,MIL,R,95.2,249,761,4.697530864197531,0.3272010512483574,FF,4-Seamer,15.1,-15.4,0.3,2,8.4,-9.4,-1,-10,0.5759803921568627,0.33578431372549017
2022,Cessa, Luis,570666,Reds,CIN,R,93.3,249,1235,7.6234567901234565,0.20161943319838058,FF,4-Seamer,16.8,-14.9,-1.9,-13,7.4,-7,0.4,6,0.19852941176470587,0.5049019607843137
2022,Crismatt, Nabil,622503,Padres,SD,R,90.5,248,1062,6.555555555555555,0.2335216572504708,FF,4-Seamer,19.3,-16.9,-2.4,-14,7.4,-6.7,0.7,10,0.13725490196078433,0.5343137254901961
2022,Gose, Anthony,543238,Guardians,CLE,L,97,248,389,2.4012345679012346,0.6375321336760925,FF,4-Seamer,11.9,-13.7,1.8,13,6.7,-8.6,-1.9,-22,,
2022,Leiter Jr., Mark,643410,Cubs,CHC,R,91.1,246,1086,6.703703703703703,0.2265193370165746,FF,4-Seamer,16.5,-16.4,0,0,5.4,-6.8,-1.4,-21,0.5049019607843137,0.2916666666666667
2022,Cabrera, Edward,665795,Marlins,MIA,R,96,245,1215,7.5,0.20164609053497942,FF,4-Seamer,13.8,-13.4,-0.4,-3,9.8,-7.1,2.6,37,0.4338235294117647,0.7573529411764706
2022,Hand, Brad,543272,Phillies,PHI,L,92.6,244,817,5.04320987654321,0.29865361077111385,FF,4-Seamer,17.1,-14.9,-2.2,-14,10.3,-6.7,3.6,54,0.16176470588235295,0.8676470588235294
2022,Grove, Michael,675627,Dodgers,LAD,R,94.4,241,472,2.9135802469135803,0.510593220338983,FF,4-Seamer,13.4,-14.4,1,7,6.7,-7,-0.3,-4,,
2022,May, Trevor,543507,Mets,NYM,R,96.1,240,465,2.8703703703703702,0.5161290322580645,FF,4-Seamer,12.7,-13.6,1,7,7.9,-7.6,0.2,3,,
2022,Espinoza, Anderson,659262,Cubs,CHC,R,93.9,239,375,2.314814814814815,0.6373333333333333,FF,4-Seamer,16.6,-14.7,-1.8,-12,8.6,-7,1.5,22,,
2022,Barría, Jaime,642545,Angels,LAA,R,92,239,1123,6.932098765432099,0.21282279608192342,FF,4-Seamer,15.8,-15,-0.8,-5,5.8,-6,-0.2,-3,0.3700980392156863,0.4068627450980392
2022,Pérez, Martín,527048,Rangers,TEX,L,92.7,238,2979,18.38888888888889,0.07989258140315542,FF,4-Seamer,17.4,-15.8,-1.6,-10,10.9,-7.7,3.2,41,0.23039215686274508,0.8357843137254902
2022,Nardi, Andrew,677053,Marlins,MIA,L,94.3,237,374,2.308641975308642,0.6336898395721925,FF,4-Seamer,13.3,-14.3,1,7,6.4,-7.1,-0.7,-10,,
2022,Martin, Corbin,656686,D-backs,AZ,R,94,235,429,2.6481481481481484,0.5477855477855478,FF,4-Seamer,14.3,-14.9,0.5,3,6.3,-7.5,-1.2,-16,,
2022,Pressly, Ryan,519151,Astros,HOU,R,94.5,232,711,4.388888888888889,0.3263009845288326,FF,4-Seamer,12.7,-14.4,1.7,12,3.2,-7.1,-3.8,-54,0.8700980392156863,0.11029411764705882
2022,Dunn, Justin,643290,Reds,CIN,R,92.2,231,540,3.3333333333333335,0.42777777777777776,FF,4-Seamer,15.4,-16,0.6,4,8.3,-7.4,0.9,12,0.6176470588235294,0.5833333333333334
2022,Floro, Dylan,571670,Marlins,MIA,R,92.4,230,863,5.327160493827161,0.2665121668597914,FF,4-Seamer,17.6,-15.4,-2.2,-15,10.4,-6.7,3.7,55,0.16176470588235295,0.8848039215686274
2022,Wendelken, J.B.,605525,D-backs,AZ,R,95,228,488,3.0123456790123457,0.4672131147540984,FF,4-Seamer,16,-14.4,-1.6,-11,3.2,-7.7,-4.4,-58,0.23039215686274508,0.061274509803921566
2022,Brogdon, Connor,641401,Phillies,PHI,R,95.1,227,710,4.382716049382716,0.31971830985915495,FF,4-Seamer,13.9,-13.9,0,0,10.8,-7.2,3.6,49,0.5049019607843137,0.8676470588235294
2022,Taylor, Blake,642130,Astros,HOU,L,92.6,226,305,1.882716049382716,0.740983606557377,FF,4-Seamer,15.4,-15,-0.4,-3,2,-6.4,-8.3,-131,,
2022,Kuhnel, Joel,669270,Reds,CIN,R,96.2,224,934,5.765432098765432,0.2398286937901499,FF,4-Seamer,17.1,-13.2,-3.9,-30,7,-7.1,-0.2,-2,0.041666666666666664,0.4068627450980392
2022,Widener, Taylor,642203,D-backs,AZ,R,94,223,329,2.0308641975308643,0.6778115501519757,FF,4-Seamer,15.4,-15.7,0.3,2,7.2,-8.6,-1.4,-16,,
2022,Marte, Yunior,628708,Giants,SF,R,97.8,222,856,5.283950617283951,0.25934579439252337,FF,4-Seamer,14.5,-13.2,-1.2,-9,12.2,-8.6,3.6,42,0.30637254901960786,0.8676470588235294
2022,Liberatore, Matthew,669461,Cardinals,STL,L,93.7,221,650,4.012345679012346,0.34,FF,4-Seamer,14.7,-14.2,-0.5,-4,6.9,-6.2,0.7,11,0.4117647058823529,0.5343137254901961
2022,Frías, Luis,666818,D-backs,AZ,R,96.9,221,356,2.197530864197531,0.6207865168539326,FF,4-Seamer,11.8,-12.4,0.6,5,3.7,-6.5,-2.8,-43,,
2022,Crowe, Wil,640444,Pirates,PIT,R,95.1,221,1380,8.518518518518519,0.16014492753623188,FF,4-Seamer,13.6,-13.9,0.3,2,2.5,-6.8,-4.3,-63,0.5759803921568627,0.07107843137254902
2022,McCarty, Kirk,668948,Guardians,CLE,L,92.5,220,574,3.54320987654321,0.3832752613240418,FF,4-Seamer,13.6,-15.5,1.9,12,7.1,-7,0.1,1,0.9019607843137255,0.4681372549019608
2022,Head, Louis,545343,Orioles,BAL,R,93.6,218,546,3.3703703703703702,0.3992673992673993,FF,4-Seamer,15.7,-16.1,0.4,2,5.5,-9,-3.5,-39,0.5955882352941176,0.14215686274509803
2022,Hill, Tim,657612,Padres,SD,L,91.5,217,745,4.598765432098766,0.2912751677852349,FF,4-Seamer,28.3,-27.5,-0.8,-3,17.4,-16.1,1.2,8,0.3700980392156863,0.6274509803921569
2022,Sborz, Josh,622250,Rangers,TEX,R,97,217,419,2.5864197530864197,0.5178997613365155,FF,4-Seamer,10.5,-12.8,2.4,18,6.2,-7.1,-1,-14,,
2022,Houck, Tanner,656557,Red Sox,BOS,R,95.2,216,918,5.666666666666667,0.23529411764705882,FF,4-Seamer,20.9,-15.3,-5.6,-37,10.4,-9.2,1.2,13,0.00980392156862745,0.6274509803921569
2022,Fairbanks, Pete,664126,Rays,TB,R,99,216,352,2.1728395061728394,0.6136363636363636,FF,4-Seamer,7.5,-9.7,2.2,23,0.1,-5.2,-5.1,-99,,
2022,Nelson, Kyle,669459,D-backs,AZ,L,91.9,215,593,3.6604938271604937,0.3625632377740304,FF,4-Seamer,17.4,-16.3,-1.1,-7,3.9,-7.7,-3.8,-50,0.32598039215686275,0.11029411764705882
2022,Merryweather, Julian,657240,Blue Jays,TOR,R,97.3,215,417,2.574074074074074,0.5155875299760192,FF,4-Seamer,12.2,-12.8,0.6,5,6.5,-7.4,-0.9,-12,,
2022,Vespi, Nick,663989,Orioles,BAL,L,88.5,213,446,2.753086419753086,0.47757847533632286,FF,4-Seamer,30.5,-17.9,-12.5,-70,2.4,-5,-7.5,-148,,
2022,Hudson, Daniel,543339,Dodgers,LAD,R,97,212,406,2.506172839506173,0.5221674876847291,FF,4-Seamer,13.7,-13.9,0.2,1,11.1,-8.7,2.3,27,,
2022,Tetreault, Jackson,676194,Nationals,WSH,R,94.6,211,365,2.253086419753086,0.5780821917808219,FF,4-Seamer,16.3,-14.1,-2.3,-16,9.1,-7,2.1,30,,
2022,Robles, Hansel,570663,Red Sox,BOS,R,96,210,422,2.6049382716049383,0.4976303317535545,FF,4-Seamer,13.8,-14.7,0.9,6,14.6,-9,5.6,62,,
2022,Thornburg, Tyler,592804,Twins,MIN,R,93.5,209,362,2.234567901234568,0.5773480662983426,FF,4-Seamer,12.3,-15.1,2.8,19,6.5,-7.3,-0.8,-11,,
2022,Hembree, Heath,592390,Dodgers,LAD,R,94.2,206,396,2.4444444444444446,0.5202020202020202,FF,4-Seamer,13.7,-14.8,1.1,8,8.7,-7.6,1.1,15,,
2022,Goudeau, Ashton,623485,Rockies,COL,R,92.4,206,375,2.314814814814815,0.5493333333333333,FF,4-Seamer,16.2,-14.7,-1.5,-10,6.5,-5.9,0.6,11,,
2022,Stroman, Marcus,573186,Cubs,CHC,R,92.4,205,2181,13.462962962962964,0.09399358092618065,FF,4-Seamer,18.8,-16.6,-2.2,-13,4.2,-9.1,-4.9,-54,0.16176470588235295,0.03676470588235294
2022,Sánchez, Aníbal,434671,Nationals,WSH,R,89.9,205,1232,7.604938271604938,0.1663961038961039,FF,4-Seamer,17.1,-17,-0.2,-1,3.7,-6.5,-2.8,-43,0.47058823529411764,0.18137254901960784
2022,Santillan, Tony,663574,Reds,CIN,R,96.2,202,408,2.5185185185185186,0.4950980392156863,FF,4-Seamer,15.7,-14.3,-1.4,-10,11.1,-8.7,2.4,28,,
2022,Shreve, Chasen,592741,Mets,NYM,L,90.6,202,474,2.925925925925926,0.42616033755274263,FF,4-Seamer,15.6,-16.8,1.2,7,10.7,-7,3.7,53,,
2022,Mills, Wyatt,670090,Royals,KC,R,91.8,201,503,3.1049382716049383,0.3996023856858847,FF,4-Seamer,24.9,-25.2,0.3,1,13.9,-14,0,0,0.5759803921568627,0.4485294117647059
2022,Silseth, Chase,681217,Angels,LAA,R,95.4,201,501,3.0925925925925926,0.40119760479041916,FF,4-Seamer,14.1,-14.2,0,0,7.3,-7.6,-0.3,-4,0.5049019607843137,0.39950980392156865
2022,Martinez, Seth,661527,Astros,HOU,R,91.9,200,592,3.654320987654321,0.33783783783783783,FF,4-Seamer,19.1,-18.7,-0.4,-2,10.3,-9.3,1,11,0.4338235294117647,0.6004901960784313
2022,Jiménez, Dany,666204,Athletics,OAK,R,93.9,197,539,3.3271604938271606,0.3654916512059369,FF,4-Seamer,13.4,-14.3,0.9,6,3.4,-6.6,-3.2,-49,0.6838235294117647,0.15441176470588236
2022,Sanchez, Aaron,592717,Twins,MIN,R,92.4,197,1006,6.209876543209877,0.19582504970178927,FF,4-Seamer,18.2,-15.7,-2.5,-16,11.2,-7.1,4.1,57,0.11764705882352941,0.9313725490196079
2022,Familia, Jeurys,544727,Red Sox,BOS,R,95.4,197,817,5.04320987654321,0.24112607099143207,FF,4-Seamer,16.4,-13.8,-2.6,-19,10.2,-7.1,3.1,43,0.10784313725490197,0.8259803921568627
2022,Seabold, Connor,657756,Red Sox,BOS,R,92.1,197,370,2.2839506172839505,0.5324324324324324,FF,4-Seamer,16.7,-16.1,-0.6,-4,11.7,-7.6,4.2,55,,
2022,Sanmartin, Reiver,665665,Reds,CIN,L,90.9,196,1031,6.364197530864198,0.1901066925315228,FF,4-Seamer,21.3,-17.3,-4,-23,13.6,-8.3,5.3,64,0.03431372549019608,0.9803921568627451
2022,Varland, Louie,686973,Twins,MIN,R,93.8,196,411,2.537037037037037,0.4768856447688564,FF,4-Seamer,15.9,-15.7,-0.2,-1,9.6,-8.6,1,12,,
2022,Blackburn, Paul,621112,Athletics,OAK,R,91.6,195,1762,10.876543209876543,0.11066969353007945,FF,4-Seamer,16.1,-16,-0.2,-1,5.5,-6.7,-1.2,-18,0.47058823529411764,0.3137254901960784
2022,Naughton, Packy,676050,Cardinals,STL,L,92.8,195,562,3.4691358024691357,0.3469750889679715,FF,4-Seamer,17.2,-15.6,-1.5,-10,7.1,-7.6,-0.5,-7,0.25245098039215685,0.38480392156862747
2022,Peralta, Wily,503449,Tigers,DET,R,95.4,191,694,4.283950617283951,0.27521613832853026,FF,4-Seamer,13.7,-13.4,-0.4,-3,7.1,-6.6,0.5,8,0.4338235294117647,0.5220588235294118
2022,Paddack, Chris,663978,Twins,MIN,R,93,190,367,2.265432098765432,0.5177111716621253,FF,4-Seamer,13.3,-14.4,1.2,8,9.9,-5.9,4,68,,
2022,Bello, Brayan,678394,Red Sox,BOS,R,97,186,997,6.154320987654321,0.18655967903711135,FF,4-Seamer,15.7,-13.8,-1.9,-14,9.5,-8.5,1,12,0.19852941176470587,0.6004901960784313
2022,Moreta, Dauri,664294,Reds,CIN,R,95.9,186,613,3.7839506172839505,0.3034257748776509,FF,4-Seamer,11.9,-13.9,2,14,8.2,-7.7,0.4,6,0.9166666666666666,0.5049019607843137
2022,Steckenrider, Drew,608716,Mariners,SEA,R,94.1,186,286,1.7654320987654322,0.6503496503496503,FF,4-Seamer,11.6,-14.3,2.7,19,8.2,-6.6,1.6,23,,
2022,Eflin, Zach,621107,Phillies,PHI,R,93.1,185,1194,7.37037037037037,0.15494137353433834,FF,4-Seamer,17.6,-15.4,-2.2,-14,10.4,-7.3,3.2,43,0.16176470588235295,0.8357843137254902
2022,Morris, Cody,663752,Guardians,CLE,R,94.6,180,404,2.493827160493827,0.44554455445544555,FF,4-Seamer,13.4,-14.4,1.1,7,7.2,-7.4,-0.1,-2,,
2022,Norwood, James,656803,Phillies,PHI,R,96.6,180,370,2.2839506172839505,0.4864864864864865,FF,4-Seamer,13.9,-13.2,-0.7,-5,12,-7.3,4.7,65,,
2022,Brigham, Jeff,656257,Marlins,MIA,R,94.5,178,419,2.5864197530864197,0.42482100238663484,FF,4-Seamer,15.1,-14.9,-0.2,-1,11.7,-8,3.7,46,,
2022,Baz, Shane,669358,Rays,TB,R,96,178,444,2.740740740740741,0.4009009009009009,FF,4-Seamer,11.8,-13.7,1.9,14,8.9,-7.6,1.4,18,,
2022,Szapucki, Thomas,663378,Giants,SF,L,95.2,177,291,1.7962962962962963,0.6082474226804123,FF,4-Seamer,15,-14.6,-0.4,-3,8.6,-8.1,0.6,7,,
2022,Nelson, Ryne,669194,D-backs,AZ,R,94.8,176,253,1.5617283950617284,0.6956521739130435,FF,4-Seamer,10.9,-14,3.1,22,3.6,-7,-3.4,-49,,
2022,Richards, Garrett,572070,Rangers,TEX,R,94.4,176,708,4.37037037037037,0.24858757062146894,FF,4-Seamer,21.9,-14.8,-7.2,-48,0.5,-7.6,-8,-106,0.0024509803921568627,0.004901960784313725
2022,Banda, Anthony,607455,Yankees,NYY,L,95.2,176,551,3.4012345679012346,0.3194192377495463,FF,4-Seamer,15,-14.3,-0.7,-5,10.9,-7.6,3.3,44,0.38235294117647056,0.8431372549019608
2022,Phillips, Evan,623465,Dodgers,LAD,R,96,175,923,5.697530864197531,0.18959913326110509,FF,4-Seamer,15.6,-14.4,-1.2,-8,5.3,-8.5,-3.2,-38,0.30637254901960786,0.15441176470588236
2022,Rogers, Josh,642028,Nationals,WSH,L,90.4,175,419,2.5864197530864197,0.41766109785202865,FF,4-Seamer,18.3,-16.7,-1.6,-10,11.7,-6.4,5.3,82,,
2022,King, Michael,650633,Yankees,NYY,R,96.4,174,776,4.790123456790123,0.22422680412371135,FF,4-Seamer,12.8,-13.7,0.9,6,7.1,-8,-0.9,-11,0.6838235294117647,0.3431372549019608
2022,Trivino, Lou,642152,Yankees,NYY,R,95.6,173,955,5.895061728395062,0.181151832460733,FF,4-Seamer,16,-13.8,-2.3,-16,9.2,-7.2,2,28,0.1568627450980392,0.7009803921568627
2022,Barnes, Jacob,606930,Yankees,NYY,R,95.2,173,361,2.228395061728395,0.4792243767313019,FF,4-Seamer,12.1,-14.2,2.1,15,2.4,-7.6,-5.2,-69,,
2022,Kinley, Tyler,641755,Rockies,COL,R,95.4,172,376,2.3209876543209877,0.4574468085106383,FF,4-Seamer,14.8,-13.2,-1.6,-12,3.7,-6.5,-2.8,-43,,
2022,Patiño, Luis,672715,Rays,TB,R,94.6,170,388,2.3950617283950617,0.4381443298969072,FF,4-Seamer,12.5,-14,1.6,11,5.4,-6.8,-1.4,-21,,
2022,O'Day, Darren,503285,Braves,ATL,R,86,168,385,2.376543209876543,0.43636363636363634,FF,4-Seamer,27.1,-29.2,2.1,7,11.1,-12.6,-1.6,-12,,
2022,Beasley, Jeremy,676886,Blue Jays,TOR,R,95.4,166,271,1.6728395061728396,0.6125461254612546,FF,4-Seamer,13,-14.1,1.1,8,9.2,-7.5,1.6,22,,
2022,Ryu, Hyun Jin,547943,Blue Jays,TOR,L,89.3,165,395,2.4382716049382718,0.4177215189873418,FF,4-Seamer,21.3,-17.6,-3.7,-21,12.6,-6.6,6,91,,
2022,Brown, Hunter,686613,Astros,HOU,R,96.6,162,309,1.9074074074074074,0.5242718446601942,FF,4-Seamer,11.9,-13,1,8,7.4,-7,0.4,6,,
2022,Ruiz, Norge,650204,Athletics,OAK,R,93.1,161,366,2.259259259259259,0.43989071038251365,FF,4-Seamer,20,-15.2,-4.8,-32,1.9,-7,-5.1,-73,,
2022,Allard, Kolby,663465,Rangers,TEX,L,91.1,159,299,1.845679012345679,0.5317725752508361,FF,4-Seamer,14.7,-17,2.2,13,7.3,-8,-0.7,-9,,
2022,Fulmer, Michael,605242,Twins,MIN,R,94.2,159,1043,6.438271604938271,0.15244487056567593,FF,4-Seamer,15,-14.5,-0.5,-3,4,-7.1,-3.1,-44,0.4117647058823529,0.15931372549019607
2022,Ortiz, Luis,682847,Pirates,PIT,R,98.4,159,275,1.6975308641975309,0.5781818181818181,FF,4-Seamer,16.1,-12.9,-3.2,-25,14.1,-8.7,5.4,63,,
2022,Stout, Eric,657770,Pirates,PIT,L,92.1,157,450,2.7777777777777777,0.3488888888888889,FF,4-Seamer,17.3,-16,-1.3,-8,9.3,-7.4,1.9,25,,
2022,Nogosek, Stephen,668665,Mets,NYM,R,95,156,377,2.3271604938271606,0.41379310344827586,FF,4-Seamer,11.7,-14,2.3,16,2.7,-7,-4.3,-61,,
2022,Sousa, Bennett,656986,White Sox,CWS,L,94,155,365,2.253086419753086,0.4246575342465753,FF,4-Seamer,15.2,-14.3,-0.8,-6,6.8,-6.7,0.2,3,,
2022,Wittgren, Nick,621295,Cardinals,STL,R,91.4,154,481,2.9691358024691357,0.3201663201663202,FF,4-Seamer,17.4,-16.2,-1.1,-7,8.5,-6.9,1.6,23,,
2022,Winckowski, Josh,670174,Red Sox,BOS,R,93.7,154,1194,7.37037037037037,0.12897822445561138,FF,4-Seamer,16.2,-14.6,-1.6,-11,2.8,-6.8,-3.9,-58,0.23039215686274508,0.09558823529411764
2022,Feyereisen, J.P.,656420,Rays,TB,R,92.2,153,344,2.123456790123457,0.44476744186046513,FF,4-Seamer,12.2,-14.9,2.7,18,3.9,-6.3,-2.4,-38,,
2022,Cisnero, José,542585,Tigers,DET,R,95.5,153,430,2.654320987654321,0.3558139534883721,FF,4-Seamer,14.5,-15,0.5,3,11.2,-9,2.1,24,,
2022,Sandlin, Nick,680704,Guardians,CLE,R,93.6,152,740,4.567901234567901,0.20540540540540542,FF,4-Seamer,20.2,-17.7,-2.4,-14,11.3,-9.7,1.6,16,0.13725490196078433,0.6740196078431373
2022,Green, Chad,643338,Yankees,NYY,R,94.6,152,241,1.4876543209876543,0.6307053941908713,FF,4-Seamer,11.8,-14,2.2,16,4.6,-6.7,-2.2,-32,,
2022,Barlow, Joe,669618,Rangers,TEX,R,94.6,151,554,3.419753086419753,0.27256317689530685,FF,4-Seamer,11.4,-14.6,3.2,22,6.1,-7.6,-1.5,-20,0.9877450980392157,0.28431372549019607
2022,Woodford, Jake,663765,Cardinals,STL,R,92.4,149,697,4.302469135802469,0.21377331420373027,FF,4-Seamer,18.4,-15.7,-2.7,-17,5.5,-7.2,-1.7,-24,0.10294117647058823,0.2647058823529412
2022,Schmidt, Clarke,657376,Yankees,NYY,R,94.7,148,930,5.7407407407407405,0.15913978494623657,FF,4-Seamer,16.6,-14.8,-1.8,-12,4.9,-8,-3.1,-39,0.21323529411764705,0.15931372549019607
2022,Bañuelos, Manny,544365,Pirates,PIT,L,93.7,148,718,4.432098765432099,0.20612813370473537,FF,4-Seamer,17.8,-15.3,-2.5,-16,11.5,-7.9,3.6,46,0.11764705882352941,0.8676470588235294
2022,Peters, Dillon,596071,Pirates,PIT,L,92.9,148,634,3.9135802469135803,0.2334384858044164,FF,4-Seamer,15.1,-16.1,1,6,4.8,-8.5,-3.7,-44,0.7156862745098039,0.12009803921568628
2022,Brazoban, Huascar,623211,Marlins,MIA,R,97.3,147,631,3.8950617283950617,0.2329635499207607,FF,4-Seamer,14.2,-13.5,-0.7,-5,10.3,-8.5,1.8,22,0.38235294117647056,0.6887254901960784
2022,Assad, Javier,665871,Cubs,CHC,R,92.9,147,690,4.2592592592592595,0.21304347826086956,FF,4-Seamer,15.2,-15.2,0,0,6.9,-7,-0.1,-1,0.5049019607843137,0.42892156862745096
2022,Kowar, Jackson,663804,Royals,KC,R,95.8,145,311,1.9197530864197532,0.4662379421221865,FF,4-Seamer,14.1,-13.8,-0.3,-2,12.3,-7.4,4.9,67,,
2022,Yajure, Miguel,664337,Pirates,PIT,R,92.9,143,471,2.9074074074074074,0.3036093418259023,FF,4-Seamer,15.2,-15,-0.2,-1,7.2,-6.7,0.5,7,,
2022,Selman, Sam,572125,Athletics,OAK,L,89.3,142,295,1.8209876543209877,0.48135593220338985,FF,4-Seamer,20.6,-17.6,-3,-17,2.7,-7,-4.2,-61,,
2022,Brubaker, JT,664141,Pirates,PIT,R,92.7,141,2381,14.697530864197532,0.059218815623687526,FF,4-Seamer,16.2,-15,-1.2,-8,9.3,-6.8,2.6,38,0.30637254901960786,0.7573529411764706
2022,Uelmen, Erich,657272,Cubs,CHC,R,93.7,140,463,2.8580246913580245,0.3023758099352052,FF,4-Seamer,19.8,-17.4,-2.4,-14,9.4,-9.5,-0.2,-2,,
2022,Hall, DL,669084,Orioles,BAL,L,96.2,140,269,1.6604938271604939,0.5204460966542751,FF,4-Seamer,13,-13.9,0.9,7,6.6,-8,-1.4,-17,,
2022,Smith, Joe,501925,Twins,MIN,R,86,139,450,2.7777777777777777,0.3088888888888889,FF,4-Seamer,32.2,-29.4,-2.8,-10,17.3,-13.7,3.5,26,,
2022,Civale, Aaron,650644,Guardians,CLE,R,90.7,139,1588,9.802469135802468,0.08753148614609572,FF,4-Seamer,16,-16.1,0.1,1,2.1,-6.3,-4.2,-66,0.5343137254901961,0.0784313725490196
2022,Farrell, Luke,608652,Reds,CIN,R,91.1,138,285,1.7592592592592593,0.4842105263157895,FF,4-Seamer,15.3,-15.4,0.1,0,3.7,-5.6,-1.9,-33,,
2022,Sulser, Beau,676641,Orioles,BAL,R,92.8,134,360,2.2222222222222223,0.37222222222222223,FF,4-Seamer,15.6,-15,-0.6,-4,12.7,-6.6,6.2,93,,
2022,Whitley, Kodi,676831,Cardinals,STL,R,93.4,134,272,1.6790123456790123,0.49264705882352944,FF,4-Seamer,12.4,-14.5,2.1,14,8.3,-6.4,1.9,30,,
2022,Castro, Kervin,665645,Cubs,CHC,R,92.6,132,239,1.4753086419753085,0.5523012552301255,FF,4-Seamer,16.2,-15.3,-0.9,-6,3,-6.8,-9.8,-143,,
2022,Misiewicz, Anthony,664948,Royals,KC,L,93.4,132,465,2.8703703703703702,0.2838709677419355,FF,4-Seamer,15.5,-14.9,-0.6,-4,8.5,-7.1,1.3,19,,
2022,Cleavinger, Garrett,664076,Rays,TB,L,96,131,347,2.1419753086419755,0.37752161383285304,FF,4-Seamer,14,-14.8,0.8,5,10.6,-9.2,1.4,15,,
2022,Ottavino, Adam,493603,Mets,NYM,R,94.8,130,1057,6.5246913580246915,0.12298959318826869,FF,4-Seamer,16.6,-14.6,-1.9,-13,8.2,-7.9,0.3,4,0.19852941176470587,0.49754901960784315
2022,Perez, Francisco,660906,Nationals,WSH,L,93.2,129,205,1.2654320987654322,0.6292682926829268,FF,4-Seamer,13.9,-14.6,0.7,5,6.9,-6.5,0.4,6,,
2022,Anderson, Chase,502624,Reds,CIN,R,91.9,128,493,3.04320987654321,0.25963488843813387,FF,4-Seamer,14.7,-15.8,1.1,7,6.8,-6.8,0,0,0.7328431372549019,0.4485294117647059
2022,Gilbert, Tyler,656457,D-backs,AZ,L,89.5,128,564,3.4814814814814814,0.22695035460992907,FF,4-Seamer,18.9,-17.4,-1.6,-9,7,-6.7,0.3,5,0.23039215686274508,0.49754901960784315
2022,Jameson, Drey,686753,D-backs,AZ,R,95.9,127,369,2.2777777777777777,0.34417344173441733,FF,4-Seamer,13.8,-14.2,0.4,3,7.6,-8.2,-0.6,-7,,
2022,Wesneski, Hayden,669713,Cubs,CHC,R,93.1,127,495,3.0555555555555554,0.25656565656565655,FF,4-Seamer,18.6,-15.4,-3.2,-21,6.3,-7.3,-1.1,-15,0.06372549019607843,0.32598039215686275
2022,Gillaspie, Logan,670810,Orioles,BAL,R,95.2,126,262,1.617283950617284,0.48091603053435117,FF,4-Seamer,12.9,-14.4,1.5,11,8.9,-7.7,1.2,15,,
2022,Colomé, Alex,517008,Rockies,COL,R,94.5,125,803,4.95679012345679,0.15566625155666253,FF,4-Seamer,14.4,-14,-0.5,-3,2.4,-6.5,-4.2,-64,0.4117647058823529,0.0784313725490196
2022,Graveman, Kendall,608665,White Sox,CWS,R,96.6,123,1035,6.388888888888889,0.11884057971014493,FF,4-Seamer,13.9,-13.8,-0.1,-1,9,-8.2,0.8,9,0.4877450980392157,0.5612745098039216
2022,Middleton, Keynan,641871,D-backs,AZ,R,95.1,122,241,1.4876543209876543,0.5062240663900415,FF,4-Seamer,13.2,-14.1,0.9,7,7.5,-7.3,0.2,3,,
2022,Detwiler, Ross,446321,Reds,CIN,L,92.4,119,471,2.9074074074074074,0.2526539278131635,FF,4-Seamer,15,-14.4,-0.6,-4,8.8,-6.6,2.2,33,,
2022,Poteet, Cody,547001,Marlins,MIA,R,94.9,119,448,2.765432098765432,0.265625,FF,4-Seamer,14,-14.2,0.2,1,6.6,-7.1,-0.6,-8,,
2022,Ureña, José,570632,Rockies,COL,R,96.1,119,1622,10.012345679012345,0.07336621454993834,FF,4-Seamer,16.9,-13.9,-3.1,-22,9.9,-7.8,2.1,27,0.0784313725490196,0.7058823529411765
2022,Underwood Jr., Duane,621249,Pirates,PIT,R,95.9,117,1004,6.197530864197531,0.11653386454183266,FF,4-Seamer,14.9,-13.4,-1.5,-12,7.2,-6.9,0.4,5,0.25245098039215685,0.5049019607843137
2022,González, Chi Chi,592346,Yankees,NYY,R,92.6,115,376,2.3209876543209877,0.3058510638297872,FF,4-Seamer,19.8,-15.5,-4.3,-28,4.1,-7.1,-3,-42,,
2022,Stashak, Cody,664054,Twins,MIN,R,90.6,111,227,1.4012345679012346,0.4889867841409692,FF,4-Seamer,12.6,-16.6,3.9,24,4.6,-6.6,-2,-30,,
2022,Hernandez, Darwinzon,650382,Red Sox,BOS,L,94.3,110,182,1.123456790123457,0.6043956043956044,FF,4-Seamer,17,-16.5,-0.5,-3,3.2,-9.2,-6,-65,,
2022,Valdez, Framber,664285,Astros,HOU,L,94.1,110,3018,18.62962962962963,0.03644797879390325,FF,4-Seamer,22.1,-14.6,-7.5,-52,7.4,-7.1,0.4,5,,
2022,May, Dustin,669160,Dodgers,LAD,R,98.1,109,474,2.925925925925926,0.229957805907173,FF,4-Seamer,13.4,-13.2,-0.2,-1,10.2,-8.7,1.5,17,,
2022,Muller, Kyle,666205,Braves,ATL,L,94.2,109,233,1.4382716049382716,0.4678111587982833,FF,4-Seamer,16.9,-14.2,-2.7,-19,5.3,-6.6,-1.4,-20,,
2022,Grimm, Justin,518748,Athletics,OAK,R,92.6,109,277,1.7098765432098766,0.3935018050541516,FF,4-Seamer,13.4,-14.9,1.5,10,5.7,-6.3,-0.5,-9,,
2022,Marte, Jose,665896,Angels,LAA,R,96.5,109,265,1.6358024691358024,0.41132075471698115,FF,4-Seamer,14,-13.2,-0.8,-6,7.4,-7.4,-0.1,-1,,
2022,Johnson, Pierce,572955,Padres,SD,R,94.8,108,280,1.728395061728395,0.38571428571428573,FF,4-Seamer,14.6,-14.4,-0.2,-1,11.8,-7.5,4.3,58,,
2022,Romero, Tommy,676720,Nationals,WSH,R,90.2,107,191,1.1790123456790123,0.5602094240837696,FF,4-Seamer,13.2,-16.4,3.2,20,1,-6,-4.9,-83,,
2022,Cyr, Tyler,664202,Athletics,OAK,R,94.4,106,224,1.382716049382716,0.4732142857142857,FF,4-Seamer,12.3,-13.4,1.1,8,4.9,-6,-1.1,-19,,
2022,Snead, Kirby,669912,Athletics,OAK,L,93.5,106,780,4.814814814814815,0.1358974358974359,FF,4-Seamer,18.5,-15.8,-2.8,-17,14.2,-8.5,5.7,67,0.09558823529411764,0.9852941176470589
2022,Devenski, Chris,606965,Phillies,PHI,R,94.3,105,241,1.4876543209876543,0.43568464730290457,FF,4-Seamer,14.7,-13.7,-1,-7,9,-6.3,2.7,43,,
2022,Castro, Anthony,621593,Guardians,CLE,R,94.8,103,260,1.6049382716049383,0.39615384615384613,FF,4-Seamer,18.1,-14.9,-3.1,-21,3.5,-8.3,-4.8,-57,,
2022,Kelly, Zack,677161,Red Sox,BOS,R,94.6,102,222,1.3703703703703705,0.4594594594594595,FF,4-Seamer,15,-14.6,-0.4,-2,11.1,-7.7,3.4,44,,
2022,Miller, Tyson,668338,Rangers,TEX,R,90.8,102,228,1.4074074074074074,0.4473684210526316,FF,4-Seamer,22.6,-18.6,-4,-21,2.2,-8.4,-6.2,-73,,
2022,Nance, Tommy,667297,Marlins,MIA,R,93.8,100,751,4.635802469135802,0.13315579227696406,FF,4-Seamer,15.4,-14.4,-1,-7,9.1,-6.5,2.6,39,0.33578431372549017,0.7573529411764706
2022,Milone, Tommy,543548,Mariners,SEA,L,86.6,100,238,1.4691358024691359,0.42016806722689076,FF,4-Seamer,18.7,-19.2,0.5,3,6.5,-6,0.5,9,,
2022,Overton, Connor,656818,Reds,CIN,R,91,100,469,2.8950617283950617,0.21321961620469082,FF,4-Seamer,18,-16.3,-1.7,-10,9.3,-6.7,2.6,39,,
2022,Bass, Anthony,542914,Blue Jays,TOR,R,95,98,986,6.08641975308642,0.09939148073022312,FF,4-Seamer,13.5,-14.2,0.7,5,6.4,-7.3,-1,-13,0.6397058823529411,0.33578431372549017
2022,Curry, Xzavion,675540,Guardians,CLE,R,92.1,97,165,1.0185185185185186,0.5878787878787879,FF,4-Seamer,12.1,-15.5,3.4,22,3.4,-6.5,-3.1,-47,,
2022,Webb, Logan,657277,Giants,SF,R,92.4,97,3006,18.555555555555557,0.03226879574184963,FF,4-Seamer,22.4,-17.3,-5.1,-29,9.3,-9.1,0.2,2,,
2022,Garrett, Reed,657585,Nationals,WSH,R,96,97,196,1.2098765432098766,0.49489795918367346,FF,4-Seamer,13.6,-14.1,0.5,3,7.5,-8.2,-0.6,-7,,
2022,Gage, Matt,657424,Blue Jays,TOR,L,92.8,96,187,1.154320987654321,0.5133689839572193,FF,4-Seamer,15.5,-14.2,-1.2,-9,0.5,-5.9,-5.5,-92,,
2022,Cruz, Jesus,672911,Braves,ATL,R,94.9,95,163,1.0061728395061729,0.5828220858895705,FF,4-Seamer,12.9,-13.9,1.1,8,6,-6.8,-0.9,-13,,
2022,Vieaux, Cam,664944,Pirates,PIT,L,93.1,94,208,1.2839506172839505,0.4519230769230769,FF,4-Seamer,17.8,-15.9,-1.9,-12,10.7,-8.4,2.4,28,,
2022,Brentz, Jake,641394,Royals,KC,L,95.8,92,160,0.9876543209876543,0.575,FF,4-Seamer,14.2,-15.2,0.9,6,9,-9.3,-0.3,-3,,
2022,Effross, Scott,664123,Yankees,NYY,R,90.8,92,815,5.030864197530864,0.11288343558282209,FF,4-Seamer,29.6,-27.8,-1.8,-6,17.3,-12.3,5,41,0.21323529411764705,0.9681372549019608
2022,Tapia, Domingo,593619,Athletics,OAK,R,97.9,91,363,2.240740740740741,0.25068870523415976,FF,4-Seamer,12.4,-13.4,1,7,12,-9,3.1,35,,
2022,VerHagen, Drew,572403,Cardinals,STL,R,94.9,91,419,2.5864197530864197,0.2171837708830549,FF,4-Seamer,13.5,-13,-0.5,-4,3,-6,-3,-50,,
2022,Gaddis, Hunter,683769,Guardians,CLE,R,93.4,91,171,1.0555555555555556,0.5321637426900585,FF,4-Seamer,14.8,-14.5,-0.3,-2,7.6,-6.4,1.2,18,,
2022,Bradley, Archie,605151,Angels,LAA,R,93.7,90,305,1.882716049382716,0.29508196721311475,FF,4-Seamer,14.8,-14.6,-0.1,-1,9.9,-6.8,3.2,47,,
2022,López, Yoan,661255,Mets,NYM,R,95.9,89,195,1.2037037037037037,0.4564102564102564,FF,4-Seamer,15.3,-13.4,-1.9,-14,5,-7.1,-2,-29,,
2022,Rosenberg, Kenny,670046,Angels,LAA,L,90.7,88,193,1.191358024691358,0.45595854922279794,FF,4-Seamer,16,-16.6,0.6,4,10.1,-6.7,3.3,49,,
2022,Estrada, Jeremiah,669093,Cubs,CHC,R,96.7,88,117,0.7222222222222222,0.7521367521367521,FF,4-Seamer,9.6,-13.2,3.6,27,2.8,-7.5,-4.7,-63,,
2022,Lee, Evan,681885,Nationals,WSH,L,92,86,165,1.0185185185185186,0.5212121212121212,FF,4-Seamer,14.9,-15.9,1,6,5.5,-7.1,-1.6,-22,,
2022,Abreu, Albert,656061,Yankees,NYY,R,97.6,86,707,4.364197530864198,0.12164073550212164,FF,4-Seamer,12.9,-13,0.1,1,10.6,-8.1,2.5,31,0.5343137254901961,0.7450980392156863
2022,Alexy, A.J.,669935,Rangers,TEX,R,94.2,85,152,0.9382716049382716,0.5592105263157895,FF,4-Seamer,12.8,-14.4,1.6,11,6.8,-6.9,-0.1,-2,,
2022,Foley, Jason,671345,Tigers,DET,R,96.1,85,961,5.932098765432099,0.08844953173777315,FF,4-Seamer,16.7,-13.9,-2.8,-20,13,-8,5.1,63,0.09558823529411764,0.9754901960784313
2022,Garcia, Rico,670329,Orioles,BAL,R,95.5,84,136,0.8395061728395061,0.6176470588235294,FF,4-Seamer,11.2,-14.1,2.9,21,5.9,-7.5,-1.6,-21,,
2022,Mize, Casey,663554,Tigers,DET,R,93.4,83,169,1.0432098765432098,0.4911242603550296,FF,4-Seamer,16.3,-15.2,-1.2,-8,8.8,-7.5,1.3,17,,
2022,Bard, Luke,572703,Yankees,NYY,R,94,83,241,1.4876543209876543,0.34439834024896265,FF,4-Seamer,13.6,-15.3,1.7,11,11.5,-8.1,3.4,42,,
2022,Minaya, Juan,573668,Twins,MIN,R,93.9,83,174,1.0740740740740742,0.47701149425287354,FF,4-Seamer,16.8,-15.1,-1.6,-11,9.4,-7.8,1.7,21,,
2022,Sánchez, Miguel,667376,Brewers,MIL,R,94.2,82,211,1.3024691358024691,0.3886255924170616,FF,4-Seamer,15.9,-14.8,-1,-7,6.9,-7.5,-0.7,-9,,
2022,Warren, Austin,681810,Angels,LAA,R,93.6,82,266,1.6419753086419753,0.3082706766917293,FF,4-Seamer,14.2,-15.7,1.5,9,9.4,-8.4,1.1,13,,
2022,Coonrod, Sam,656322,Phillies,PHI,R,97,82,236,1.4567901234567902,0.3474576271186441,FF,4-Seamer,13,-13.2,0.2,1,10.6,-7.7,2.8,37,,
2022,Lakins Sr., Travis,664042,Orioles,BAL,R,94,80,208,1.2839506172839505,0.38461538461538464,FF,4-Seamer,15.4,-14.7,-0.7,-5,3.9,-7.2,-3.3,-46,,
2022,Miley, Wade,489119,Cubs,CHC,L,89.1,79,566,3.493827160493827,0.13957597173144876,FF,4-Seamer,16.7,-17.3,0.6,4,3.3,-5.7,-2.4,-42,0.6176470588235294,0.2181372549019608
2022,Quantrill, Cal,615698,Guardians,CLE,R,93.4,79,2920,18.02469135802469,0.027054794520547945,FF,4-Seamer,13.7,-14.2,0.5,4,6.8,-6.1,0.8,13,,
2022,Zerpa, Angel,672582,Royals,KC,L,94.1,79,159,0.9814814814814815,0.4968553459119497,FF,4-Seamer,16.3,-15.1,-1.2,-8,8.5,-8.3,0.2,2,,
2022,Severino, Anderson,644429,White Sox,CWS,L,96,79,133,0.8209876543209876,0.5939849624060151,FF,4-Seamer,14.2,-14,-0.2,-1,7.5,-8,-0.5,-6,,
2022,Bielak, Brandon,656232,Astros,HOU,R,93.4,79,226,1.3950617283950617,0.3495575221238938,FF,4-Seamer,13.9,-14.5,0.5,4,7.3,-6.9,0.5,7,,
2022,Fry, Paul,643316,D-backs,AZ,L,91.6,77,232,1.4320987654320987,0.33189655172413796,FF,4-Seamer,19.3,-17.1,-2.2,-13,4.6,-8.8,-4.2,-48,,
2022,Ynoa, Huascar,660623,Braves,ATL,R,96.4,77,147,0.9074074074074074,0.5238095238095238,FF,4-Seamer,13.5,-12.8,-0.7,-6,9.1,-6.6,2.5,38,,
2022,Martin, Brett,656685,Rangers,TEX,L,93.5,77,750,4.62962962962963,0.10266666666666667,FF,4-Seamer,17.2,-14.1,-3.2,-22,5.4,-6,-0.6,-10,0.06372549019607843,0.36764705882352944
2022,Coulombe, Danny,543056,Twins,MIN,L,91.3,75,230,1.4197530864197532,0.32608695652173914,FF,4-Seamer,16,-16.1,0,0,3.4,-6.8,-3.3,-49,,
2022,Keuchel, Dallas,572971,Rangers,TEX,L,87.9,75,1165,7.191358024691358,0.06437768240343347,FF,4-Seamer,21.6,-18.4,-3.2,-18,3.5,-5.5,-1.9,-35,0.06372549019607843,0.25245098039215685
2022,Castellanos, Humberto,528748,D-backs,AZ,R,89.4,74,748,4.617283950617284,0.09893048128342247,FF,4-Seamer,22.6,-19.3,-3.3,-17,6.5,-9.3,-2.9,-31,0.058823529411764705,0.17647058823529413
2022,Ramirez, Yohan,670990,Pirates,PIT,R,93.8,74,620,3.8271604938271606,0.11935483870967742,FF,4-Seamer,19,-17,-2.1,-12,9.2,-9.3,-0.2,-2,0.17892156862745098,0.4068627450980392
2022,Bazardo, Eduard,660825,Red Sox,BOS,R,94,74,236,1.4567901234567902,0.3135593220338983,FF,4-Seamer,15.3,-15,-0.3,-2,7.5,-7.8,-0.3,-4,,
2022,Waites, Cole,686972,Giants,SF,R,96,73,104,0.6419753086419753,0.7019230769230769,FF,4-Seamer,12.3,-13.9,1.6,11,5.1,-7.9,-2.8,-36,,
2022,Medina, Adonis,658431,Mets,NYM,R,93.1,73,414,2.5555555555555554,0.17632850241545894,FF,4-Seamer,20,-15.6,-4.5,-29,5.4,-7.7,-2.3,-30,,
2022,Speier, Gabe,642100,Royals,KC,L,93.6,73,298,1.8395061728395061,0.24496644295302014,FF,4-Seamer,17.5,-15.5,-2,-13,10.3,-8.2,2,25,,
2022,Burr, Ryan,621114,White Sox,CWS,R,94.5,73,149,0.9197530864197531,0.4899328859060403,FF,4-Seamer,14,-13.2,-0.8,-6,2.6,-5.6,-3.1,-54,,
2022,Santana, Dennis,642701,Rangers,TEX,R,97.7,72,991,6.117283950617284,0.07265388496468214,FF,4-Seamer,13.9,-13.4,-0.6,-4,12.8,-8.7,4.2,48,0.4019607843137255,0.9338235294117647
2022,Graterol, Brusdar,660813,Dodgers,LAD,R,99.4,72,675,4.166666666666667,0.10666666666666667,FF,4-Seamer,14.4,-12.1,-2.3,-19,8.3,-9,-0.7,-7,0.1568627450980392,0.3627450980392157
2022,Jefferies, Daulton,641726,Athletics,OAK,R,92.4,72,611,3.771604938271605,0.11783960720130933,FF,4-Seamer,17.2,-15.4,-1.8,-11,10.8,-6.7,4,60,0.21323529411764705,0.9240196078431373
2022,Koenig, Jared,657649,Athletics,OAK,L,89.4,71,653,4.030864197530864,0.10872894333843798,FF,4-Seamer,21.1,-17.2,-3.9,-23,4.2,-6.3,-2.1,-34,0.041666666666666664,0.24019607843137256
2022,Alzolay, Adbert,640470,Cubs,CHC,R,94.8,71,193,1.191358024691358,0.36787564766839376,FF,4-Seamer,13.1,-13.9,0.8,6,7.4,-6.7,0.7,10,,
2022,Thompson, Ryan,657044,Rays,TB,R,91.6,71,679,4.191358024691358,0.10456553755522828,FF,4-Seamer,26.8,-22.3,-4.5,-20,13.5,-10.8,2.7,25,0.024509803921568627,0.7745098039215687
2022,Small, Ethan,663629,Brewers,MIL,L,91,70,132,0.8148148148148148,0.5303030303030303,FF,4-Seamer,14.5,-15.5,1,7,2.6,-5.3,-2.7,-51,,
2022,Castano, Daniel,641447,Marlins,MIA,L,92,70,577,3.5617283950617282,0.12131715771230503,FF,4-Seamer,19.5,-15.5,-4,-26,5.3,-6.5,-1.2,-19,0.03431372549019608,0.3137254901960784
2022,Chacín, Jhoulys,468504,Rockies,COL,R,92.6,70,786,4.851851851851852,0.089058524173028,FF,4-Seamer,18.4,-15.3,-3.1,-20,3.1,-6.7,-3.6,-53,0.0784313725490196,0.13480392156862744
2022,Bolaños, Ronald,671790,Royals,KC,R,93,70,332,2.049382716049383,0.21084337349397592,FF,4-Seamer,18.3,-14.9,-3.4,-23,6.2,-6.5,-0.3,-4,,
2022,Yates, Kirby,489446,Braves,ATL,R,93.4,69,137,0.845679012345679,0.5036496350364964,FF,4-Seamer,17.3,-16,-1.3,-8,13.4,-8.8,4.5,52,,
2022,Tully, Tanner,668684,Guardians,CLE,L,90.9,69,116,0.7160493827160493,0.5948275862068966,FF,4-Seamer,19.2,-16.4,-2.9,-17,3.6,-6.6,-2.9,-45,,
2022,Junk, Janson,676083,Angels,LAA,R,92.5,69,159,0.9814814814814815,0.4339622641509434,FF,4-Seamer,14.3,-15.4,1.1,7,1.6,-6.8,-5.2,-77,,
2022,Mills, Alec,621219,Cubs,CHC,R,88.6,68,302,1.8641975308641976,0.2251655629139073,FF,4-Seamer,19.9,-17.9,-1.9,-11,9,-6.7,2.3,34,,
2022,Barraclough, Kyle,607457,Angels,LAA,R,92.9,67,139,0.8580246913580247,0.48201438848920863,FF,4-Seamer,15,-15.5,0.5,3,6.7,-7.4,-0.7,-9,,
2022,Weiss, Zack,592848,Angels,LAA,R,94.6,67,209,1.2901234567901234,0.32057416267942584,FF,4-Seamer,11.9,-14.5,2.6,18,5.1,-7.4,-2.3,-31,,
2022,Reid-Foley, Sean,656887,Mets,NYM,R,95.9,67,196,1.2098765432098766,0.34183673469387754,FF,4-Seamer,13,-14.3,1.3,9,8,-8.4,-0.4,-5,,
2022,Arano, Víctor,644364,Nationals,WSH,R,94.5,66,678,4.185185185185185,0.09734513274336283,FF,4-Seamer,14.8,-14.6,-0.3,-2,8.5,-7.5,1,14,0.4534313725490196,0.6004901960784313
2022,Vizcaíno, Arodys,527055,Royals,KC,R,97.3,65,115,0.7098765432098766,0.5652173913043478,FF,4-Seamer,15,-13.3,-1.7,-13,13.4,-8,5.4,68,,
2022,Lawrence, Casey,596271,Blue Jays,TOR,R,90.9,65,297,1.8333333333333333,0.21885521885521886,FF,4-Seamer,19.1,-17.5,-1.6,-9,12.2,-8.8,3.5,39,,
2022,Jones, Damon,676103,Phillies,PHI,L,92.9,65,105,0.6481481481481481,0.6190476190476191,FF,4-Seamer,18.7,-15.4,-3.3,-22,2.3,-7.2,-4.9,-67,,
2022,Garza Jr., Ralph,621248,Rays,TB,R,91.2,65,514,3.1728395061728394,0.1264591439688716,FF,4-Seamer,16.1,-16.7,0.6,4,7.7,-7.5,0.2,2,0.6176470588235294,0.48284313725490197
2022,Dugger, Robert,667498,Reds,CIN,R,89.4,64,284,1.7530864197530864,0.22535211267605634,FF,4-Seamer,19.3,-19.2,-0.1,-1,7.4,-9.1,-1.7,-19,,
2022,Wisler, Matt,605538,Rays,TB,R,89.7,64,749,4.6234567901234565,0.08544726301735647,FF,4-Seamer,17.1,-17,-0.1,0,10.1,-6,4,67,0.4877450980392157,0.9240196078431373
2022,Diplán, Marcos,650959,Orioles,BAL,R,93,63,122,0.7530864197530864,0.5163934426229508,FF,4-Seamer,14.3,-14.6,0.3,2,0.5,-6.3,-5.8,-92,,
2022,Cruz, Fernando,518585,Reds,CIN,R,94.4,63,260,1.6049382716049383,0.2423076923076923,FF,4-Seamer,13.8,-14.5,0.7,5,6.9,-7.4,-0.5,-7,,
2022,Boyd, Matthew,571510,Mariners,SEA,L,92.6,63,192,1.1851851851851851,0.328125,FF,4-Seamer,17.2,-15.9,-1.3,-8,11.4,-7.7,3.7,48,,
2022,Diaz, Jhonathan,646242,Angels,LAA,L,91.4,62,236,1.4567901234567902,0.2627118644067797,FF,4-Seamer,19.9,-16.6,-3.3,-20,11.4,-7.4,3.9,53,,
2022,Diehl, Phillip,670426,Reds,CIN,L,91.2,62,120,0.7407407407407407,0.5166666666666667,FF,4-Seamer,15.4,-16.2,0.8,5,8.9,-7.1,1.9,26,,
2022,Ashby, Aaron,676879,Brewers,MIL,L,95.5,62,1878,11.592592592592593,0.03301384451544196,FF,4-Seamer,16.7,-13.7,-3,-22,8.8,-6.9,1.9,27,,
2022,Glasnow, Tyler,607192,Rays,TB,R,97.4,61,114,0.7037037037037037,0.5350877192982456,FF,4-Seamer,9.2,-11.9,2.7,23,2,-6.6,-4.6,-69,,
2022,Knehr, Reiss,663753,Padres,SD,R,93.6,61,242,1.4938271604938271,0.25206611570247933,FF,4-Seamer,16.2,-15.5,-0.7,-5,6.1,-8,-2,-25,,
2022,Romero, JoJo,668941,Cardinals,STL,L,95.5,59,271,1.6728395061728396,0.2177121771217712,FF,4-Seamer,15.8,-14.5,-1.3,-9,9.6,-8.4,1.2,15,,
2022,Kuhl, Chad,641771,Rockies,COL,R,92.9,59,2375,14.660493827160494,0.024842105263157895,FF,4-Seamer,18,-15.5,-2.5,-16,9.3,-7.5,1.8,24,,
2022,German, Franklin,681464,Red Sox,BOS,R,97.7,58,84,0.5185185185185185,0.6904761904761905,FF,4-Seamer,12.5,-12.6,0.1,0,10.1,-7.4,2.7,37,,
2022,Murphy, Patrick,641907,Nationals,WSH,R,96.1,57,142,0.8765432098765432,0.4014084507042254,FF,4-Seamer,13.3,-13.2,-0.1,-1,5.7,-6.8,-1.1,-16,,
2022,Rodríguez, Joely,570257,Mets,NYM,L,92.8,57,842,5.197530864197531,0.06769596199524941,FF,4-Seamer,20.2,-16.1,-4.1,-26,12,-8.2,3.7,45,0.031862745098039214,0.8848039215686274
2022,Plassmeyer, Michael,674681,Phillies,PHI,L,89.2,57,99,0.6111111111111112,0.5757575757575758,FF,4-Seamer,18.8,-18,-0.8,-5,7.9,-7.8,0.1,1,,
2022,Jackson, Andre,656578,Dodgers,LAD,R,95.1,57,156,0.9629629629629629,0.36538461538461536,FF,4-Seamer,13.5,-13.9,0.4,3,9.7,-7,2.7,38,,
2022,Miller, Shelby,571946,Giants,SF,R,94.4,57,127,0.7839506172839507,0.44881889763779526,FF,4-Seamer,12.5,-15.1,2.6,17,8.9,-8.3,0.7,8,,
2022,Means, John,607644,Orioles,BAL,L,91.7,57,135,0.8333333333333334,0.4222222222222222,FF,4-Seamer,11.6,-15.1,3.5,23,8.1,-6,2.1,35,,
2022,Ramírez, Erasmo,541640,Nationals,WSH,R,93.7,57,1222,7.54320987654321,0.046644844517184945,FF,4-Seamer,16.5,-16.1,-0.4,-2,8.2,-9,-0.8,-9,,
2022,Sims, Lucas,608371,Reds,CIN,R,93.5,55,129,0.7962962962962963,0.4263565891472868,FF,4-Seamer,13,-15.5,2.5,16,9.4,-8.2,1.2,15,,
2022,Sanders, Phoenix,676637,Rays,TB,R,89.3,55,215,1.3271604938271604,0.2558139534883721,FF,4-Seamer,15.1,-17.2,2.1,12,5.4,-5.7,-0.3,-6,,
2022,Blanco, Ronel,669854,Astros,HOU,R,95.2,55,120,0.7407407407407407,0.4583333333333333,FF,4-Seamer,11.7,-13.5,1.9,14,5,-6.8,-1.7,-26,,
2022,Holton, Tyler,663947,D-backs,AZ,L,90.5,54,159,0.9814814814814815,0.33962264150943394,FF,4-Seamer,16,-16.1,0.1,1,2.4,-5.7,-3.3,-58,,
2022,Almonte, Yency,622075,Dodgers,LAD,R,95.9,54,466,2.876543209876543,0.11587982832618025,FF,4-Seamer,16.2,-14,-2.3,-16,10.6,-7.8,2.8,35,,
2022,Patton, Spencer,607359,Rangers,TEX,R,92.1,54,111,0.6851851851851852,0.4864864864864865,FF,4-Seamer,17.4,-16.9,-0.5,-3,8.6,-8.9,-0.2,-3,,
2022,López, Jorge,605347,Twins,MIN,R,97.3,52,1161,7.166666666666667,0.04478897502153316,FF,4-Seamer,13.7,-13.1,-0.6,-4,10.3,-7.9,2.4,30,,
2022,Lowther, Zac,675912,Orioles,BAL,L,90.6,52,100,0.6172839506172839,0.52,FF,4-Seamer,18.2,-17,-1.2,-7,13.6,-7.2,6.4,89,,
2022,Guerra, Javy,642770,Rays,TB,R,98.3,51,330,2.037037037037037,0.15454545454545454,FF,4-Seamer,10,-13,2.9,23,10.4,-8.8,1.7,19,,
2022,Reyes, Denyi,660593,Orioles,BAL,R,92.8,51,117,0.7222222222222222,0.4358974358974359,FF,4-Seamer,15.6,-15.1,-0.5,-4,7.1,-6.8,0.3,4,,
2022,Kilian, Caleb,668873,Cubs,CHC,R,94.6,51,235,1.4506172839506173,0.2170212765957447,FF,4-Seamer,18.1,-14.4,-3.7,-26,2.5,-7.5,-5,-67,,
2022,Alexander, Jason,669920,Brewers,MIL,R,93.1,51,1160,7.160493827160494,0.04396551724137931,FF,4-Seamer,20.3,-15.5,-4.8,-31,13.9,-7.6,6.3,83,,
2022,Woods Richardson, Simeon,680573,Twins,MIN,R,90.8,50,91,0.5617283950617284,0.5494505494505495,FF,4-Seamer,13.4,-15.2,1.8,12,1.7,-5.4,-7.1,-132,,
2022,Brault, Steven,643230,Cubs,CHC,L,91.1,50,157,0.9691358024691358,0.3184713375796178,FF,4-Seamer,18.5,-16.7,-1.8,-11,11.3,-7.2,4.1,57,,
2022,Butto, Jose,676130,Mets,NYM,R,94.8,50,98,0.6049382716049383,0.5102040816326531,FF,4-Seamer,14.6,-14.7,0.1,0,5.7,-7.9,-2.2,-28,,
2022,Danish, Tyler,641501,Red Sox,BOS,R,91.2,50,664,4.098765432098766,0.07530120481927711,FF,4-Seamer,24.9,-19,-5.8,-31,13.2,-9.7,3.5,37,0.007352941176470588,0.8578431372549019
2022,Allen, Logan,663531,Orioles,BAL,L,91.8,50,164,1.0123456790123457,0.3048780487804878,FF,4-Seamer,17.2,-15.7,-1.5,-10,10.3,-6.6,3.8,57,,